X, Y0
0.0000,0.0002
0.0050,0.0011
0.0100,0.0012
0.0150,0.0012
0.0200,0.0012
0.0250,0.0012
0.0300,0.0012
0.0350,0.0012
0.0400,0.0012
0.0450,0.0012
0.0500,0.0012
0.0550,0.0012
0.0600,0.0012
0.0650,0.0012
0.0700,0.0012
0.0750,0.0012
0.0800,0.0012
0.0850,0.0012
0.0900,0.0012
0.0950,0.0012
0.1000,0.0012
0.1050,0.0012
0.1100,0.0012
0.1150,0.0012
0.1200,0.0012
0.1250,0.0012
0.1300,0.0012
0.1350,0.0012
0.1400,0.0015
0.1450,0.0013
0.1500,0.0013
0.1550,0.0012
0.1600,0.0012
0.1650,0.0012
0.1700,0.0012
0.1750,0.0012
0.1800,0.0012
0.1850,0.0013
0.1900,0.0012
0.1950,0.0012
0.2000,0.0014
0.2050,0.0012
0.2100,0.0012
0.2150,0.0012
0.2200,0.0012
0.2250,0.0012
0.2300,0.0012
0.2350,0.0012
0.2400,0.0012
0.2450,0.0012
0.2500,0.0012
0.2550,0.0012
0.2600,0.0012
0.2650,0.0012
0.2700,0.0012
0.2750,0.0012
0.2800,0.0012
0.2850,0.0012
0.2900,0.0012
0.2950,0.0012
0.3000,0.0012
0.3050,0.0012
0.3100,0.0012
0.3150,0.0012
0.3200,0.0012
0.3250,0.0012
0.3300,0.0012
0.3350,0.0012
0.3400,0.0012
0.3450,0.0012
0.3500,0.0012
0.3551,0.0012
0.3601,0.0012
0.3651,0.0012
0.3701,0.0012
0.3751,0.0012
0.3801,0.0012
0.3851,0.0012
0.3901,0.0015
0.3951,0.0013
0.4001,0.0012
0.4051,0.0012
0.4101,0.0012
0.4151,0.0012
0.4201,0.0012
0.4251,0.0012
0.4301,0.0012
0.4351,0.0012
0.4401,0.0012
0.4451,0.0012
0.4501,0.0012
0.4551,0.0012
0.4601,0.0012
0.4651,0.0012
0.4701,0.0012
0.4751,0.0012
0.4801,0.0012
0.4851,0.0012
0.4901,0.0012
0.4951,0.0012
0.5001,0.0012
0.5051,0.0012
0.5101,0.0012
0.5151,0.0012
0.5201,0.0012
0.5251,0.0012
0.5301,0.0012
0.5351,0.0012
0.5401,0.0012
0.5451,0.0012
0.5501,0.0012
0.5551,0.0012
0.5601,0.0012
0.5651,0.0012
0.5701,0.0012
0.5751,0.0012
0.5801,0.0012
0.5851,0.0012
0.5901,0.0012
0.5951,0.0012
0.6001,0.0012
0.6051,0.0012
0.6101,0.0012
0.6151,0.0012
0.6201,0.0012
0.6251,0.0012
0.6301,0.0012
0.6351,0.0012
0.6401,0.0012
0.6451,0.0012
0.6501,0.0015
0.6551,0.0013
0.6601,0.0012
0.6651,0.0012
0.6701,0.0013
0.6751,0.0012
0.6801,0.0012
0.6851,0.0012
0.6901,0.0012
0.6951,0.0012
0.7001,0.0012
0.7051,0.0012
0.7101,0.0012
0.7151,0.0012
0.7201,0.0012
0.7251,0.0012
0.7301,0.0012
0.7351,0.0012
0.7401,0.0012
0.7451,0.0012
0.7501,0.0012
0.7551,0.0012
0.7601,0.0012
0.7651,0.0012
0.7701,0.0012
0.7751,0.0012
0.7801,0.0012
0.7851,0.0012
0.7901,0.0012
0.7951,0.0012
0.8001,0.0012
0.8051,0.0012
0.8101,0.0014
0.8151,0.0012
0.8201,0.0013
0.8251,0.0012
0.8301,0.0012
0.8351,0.0012
0.8401,0.0012
0.8451,0.0012
0.8501,0.0012
0.8551,0.0012
0.8601,0.0012
0.8651,0.0012
0.8701,0.0012
0.8751,0.0012
0.8801,0.0012
0.8851,0.0012
0.8901,0.0012
0.8951,0.0012
0.9001,0.0012
0.9051,0.0012
0.9101,0.0012
0.9151,0.0012
0.9201,0.0012
0.9251,0.0012
0.9301,0.0012
0.9351,0.0012
0.9401,0.0012
0.9451,0.0012
0.9501,0.0012
0.9551,0.0012
0.9601,0.0012
0.9651,0.0012
0.9701,0.0012
0.9751,0.0012
0.9801,0.0012
0.9851,0.0012
0.9901,0.0012
0.9951,0.0012
1.0001,0.0012
1.0051,0.0012
1.0101,0.0012
1.0151,0.0012
1.0201,0.0012
1.0251,0.0012
1.0301,0.0014
1.0351,0.0012
1.0401,0.0012
1.0451,0.0012
1.0501,0.0012
1.0551,0.0012
1.0602,0.0012
1.0652,0.0012
1.0702,0.0012
1.0752,0.0013
1.0802,0.0012
1.0852,0.0012
1.0902,0.0012
1.0952,0.0012
1.1002,0.0012
1.1052,0.0012
1.1102,0.0012
1.1152,0.0012
1.1202,0.0012
1.1252,0.0012
1.1302,0.0012
1.1352,0.0015
1.1402,0.0015
1.1452,0.0012
1.1502,0.0012
1.1552,0.0012
1.1602,0.0012
1.1652,0.0012
1.1702,0.0015
1.1752,0.0015
1.1802,0.0015
1.1852,0.0012
1.1902,0.0012
1.1952,0.0012
1.2002,0.0012
1.2052,0.0012
1.2102,0.0012
1.2152,0.0012
1.2202,0.0012
1.2252,0.0012
1.2302,0.0012
1.2352,0.0012
1.2402,0.0012
1.2452,0.0012
1.2502,0.0012
1.2552,0.0012
1.2602,0.0012
1.2652,0.0012
1.2702,0.0012
1.2752,0.0012
1.2802,0.0012
1.2852,0.0012
1.2902,0.0012
1.2952,0.0012
1.3002,0.0012
1.3052,0.0012
1.3102,0.0012
1.3152,0.0012
1.3202,0.0012
1.3252,0.0012
1.3302,0.0012
1.3352,0.0012
1.3402,0.0012
1.3452,0.0012
1.3502,0.0012
1.3552,0.0012
1.3602,0.0012
1.3652,0.0012
1.3702,0.0012
1.3752,0.0012
1.3802,0.0012
1.3852,0.0012
1.3902,0.0012
1.3952,0.0012
1.4002,0.0012
1.4052,0.0012
1.4102,0.0012
1.4152,0.0012
1.4202,0.0012
1.4252,0.0012
1.4302,0.0015
1.4352,0.0013
1.4402,0.0012
1.4452,0.0012
1.4502,0.0012
1.4552,0.0012
1.4602,0.0012
1.4652,0.0012
1.4702,0.0014
1.4752,0.0012
1.4802,0.0012
1.4852,0.0012
1.4902,0.0012
1.4952,0.0012
1.5002,0.0012
1.5052,0.0012
1.5102,0.0012
1.5152,0.0012
1.5202,0.0012
1.5252,0.0012
1.5302,0.0012
1.5352,0.0012
1.5402,0.0012
1.5452,0.0012
1.5502,0.0012
1.5552,0.0012
1.5602,0.0012
1.5652,0.0012
1.5702,0.0012
1.5752,0.0012
1.5802,0.0012
1.5852,0.0012
1.5902,0.0012
1.5952,0.0012
1.6002,0.0012
1.6052,0.0012
1.6102,0.0012
1.6152,0.0012
1.6202,0.0012
1.6252,0.0012
1.6302,0.0013
1.6352,0.0015
1.6402,0.0012
1.6452,0.0012
1.6502,0.0012
1.6552,0.0012
1.6602,0.0012
1.6652,0.0012
1.6702,0.0012
1.6752,0.0012
1.6802,0.0012
1.6852,0.0012
1.6902,0.0012
1.6952,0.0012
1.7002,0.0012
1.7052,0.0012
1.7102,0.0012
1.7152,0.0012
1.7202,0.0012
1.7252,0.0012
1.7302,0.0012
1.7352,0.0012
1.7402,0.0012
1.7452,0.0012
1.7502,0.0012
1.7552,0.0012
1.7602,0.0012
1.7652,0.0012
1.7703,0.0012
1.7753,0.0012
1.7803,0.0012
1.7853,0.0012
1.7903,0.0012
1.7953,0.0012
1.8003,0.0012
1.8053,0.0012
1.8103,0.0012
1.8153,0.0012
1.8203,0.0012
1.8253,0.0012
1.8303,0.0012
1.8353,0.0012
1.8403,0.0012
1.8453,0.0012
1.8503,0.0012
1.8553,0.0012
1.8603,0.0012
1.8653,0.0012
1.8703,0.0012
1.8753,0.0012
1.8803,0.0012
1.8853,0.0012
1.8903,0.0012
1.8953,0.0012
1.9003,0.0012
1.9053,0.0012
1.9103,0.0012
1.9153,0.0012
1.9203,0.0012
1.9253,0.0012
1.9303,0.0015
1.9353,0.0015
1.9403,0.0015
1.9453,0.0015
1.9503,0.0012
1.9553,0.0012
1.9603,0.0012
1.9653,0.0012
1.9703,0.0012
1.9753,0.0012
1.9803,0.0012
1.9853,0.0012
1.9903,0.0012
1.9953,0.0012
2.0003,0.0012
2.0053,0.0012
2.0103,0.0012
2.0153,0.0012
2.0203,0.0012
2.0253,0.0012
2.0303,0.0012
2.0353,0.0012
2.0403,0.0012
2.0453,0.0012
2.0503,0.0012
2.0553,0.0012
2.0603,0.0012
2.0653,0.0012
2.0703,0.0012
2.0753,0.0012
2.0803,0.0012
2.0853,0.0012
2.0903,0.0012
2.0953,0.0012
2.1003,0.0012
2.1053,0.0013
2.1103,0.0012
2.1153,0.0012
2.1203,0.0012
2.1253,0.0012
2.1303,0.0012
2.1353,0.0012
2.1403,0.0012
2.1453,0.0012
2.1503,0.0012
2.1553,0.0012
2.1603,0.0012
2.1653,0.0012
2.1703,0.0012
2.1753,0.0012
2.1803,0.0012
2.1853,0.0012
2.1903,0.0012
2.1953,0.0012
2.2003,0.0012
2.2053,0.0012
2.2103,0.0012
2.2153,0.0012
2.2203,0.0015
2.2253,0.0014
2.2303,0.0014
2.2353,0.0013
2.2403,0.0012
2.2453,0.0014
2.2503,0.0013
2.2553,0.0014
2.2603,0.0012
2.2653,0.0012
2.2703,0.0012
2.2753,0.0012
2.2803,0.0012
2.2853,0.0014
2.2903,0.0012
2.2953,0.0012
2.3003,0.0012
2.3053,0.0012
2.3103,0.0012
2.3153,0.0012
2.3203,0.0012
2.3253,0.0012
2.3303,0.0012
2.3353,0.0012
2.3403,0.0012
2.3453,0.0012
2.3503,0.0012
2.3553,0.0012
2.3603,0.0012
2.3653,0.0012
2.3703,0.0012
2.3753,0.0012
2.3803,0.0012
2.3853,0.0012
2.3903,0.0012
2.3953,0.0012
2.4003,0.0012
2.4053,0.0012
2.4103,0.0012
2.4153,0.0012
2.4203,0.0012
2.4253,0.0012
2.4303,0.0012
2.4353,0.0012
2.4403,0.0012
2.4453,0.0012
2.4503,0.0012
2.4553,0.0012
2.4603,0.0014
2.4653,0.0012
2.4703,0.0012
2.4754,0.0012
2.4804,0.0012
2.4854,0.0012
2.4904,0.0012
2.4954,0.0012
2.5004,0.0012
2.5054,0.0012
2.5104,0.0012
2.5154,0.0012
2.5204,0.0012
2.5254,0.0012
2.5304,0.0012
2.5354,0.0012
2.5404,0.0013
2.5454,0.0012
2.5504,0.0012
2.5554,0.0012
2.5604,0.0012
2.5654,0.0012
2.5704,0.0012
2.5754,0.0012
2.5804,0.0012
2.5854,0.0012
2.5904,0.0012
2.5954,0.0012
2.6004,0.0012
2.6054,0.0012
2.6104,0.0012
2.6154,0.0012
2.6204,0.0012
2.6254,0.0012
2.6304,0.0012
2.6354,0.0012
2.6404,0.0012
2.6454,0.0012
2.6504,0.0012
2.6554,0.0012
2.6604,0.0012
2.6654,0.0012
2.6704,0.0012
2.6754,0.0012
2.6804,0.0012
2.6854,0.0012
2.6904,0.0012
2.6954,0.0012
2.7004,0.0012
2.7054,0.0012
2.7104,0.0012
2.7154,0.0012
2.7204,0.0012
2.7254,0.0012
2.7304,0.0012
2.7354,0.0014
2.7404,0.0012
2.7454,0.0012
2.7504,0.0012
2.7554,0.0012
2.7604,0.0012
2.7654,0.0012
2.7704,0.0012
2.7754,0.0012
2.7804,0.0012
2.7854,0.0012
2.7904,0.0012
2.7954,0.0012
2.8004,0.0012
2.8054,0.0012
2.8104,0.0012
2.8154,0.0012
2.8204,0.0012
2.8254,0.0012
2.8304,0.0012
2.8354,0.0012
2.8404,0.0012
2.8454,0.0012
2.8504,0.0012
2.8554,0.0012
2.8604,0.0012
2.8654,0.0012
2.8704,0.0012
2.8754,0.0012
2.8804,0.0012
2.8854,0.0012
2.8904,0.0012
2.8954,0.0012
2.9004,0.0012
2.9054,0.0012
2.9104,0.0012
2.9154,0.0012
2.9204,0.0012
2.9254,0.0012
2.9304,0.0012
2.9354,0.0012
2.9404,0.0012
2.9454,0.0012
2.9504,0.0012
2.9554,0.0012
2.9604,0.0012
2.9654,0.0012
2.9704,0.0012
2.9754,0.0012
2.9804,0.0012
2.9854,0.0012
2.9904,0.0012
2.9954,0.0012
3.0004,0.0012
3.0054,0.0012
3.0104,0.0012
3.0154,0.0012
3.0204,0.0012
3.0254,0.0013
3.0304,0.0012
3.0354,0.0012
3.0404,0.0012
3.0454,0.0012
3.0504,0.0012
3.0554,0.0012
3.0604,0.0012
3.0654,0.0012
3.0704,0.0012
3.0754,0.0012
3.0804,0.0012
3.0854,0.0012
3.0904,0.0012
3.0954,0.0012
3.1004,0.0013
3.1054,0.0015
3.1104,0.0015
3.1154,0.0015
3.1204,0.0013
3.1254,0.0012
3.1304,0.0012
3.1354,0.0012
3.1404,0.0012
3.1454,0.0012
3.1504,0.0012
3.1554,0.0012
3.1604,0.0012
3.1654,0.0013
3.1704,0.0015
3.1754,0.0015
3.1804,0.0015
3.1855,0.0015
3.1905,0.0015
3.1955,0.0012
3.2005,0.0012
3.2055,0.0012
3.2105,0.0012
3.2155,0.0012
3.2205,0.0013
3.2255,0.0012
3.2305,0.0012
3.2355,0.0012
3.2405,0.0012
3.2455,0.0015
3.2505,0.0015
3.2555,0.0015
3.2605,0.0015
3.2655,0.0015
3.2705,0.0015
3.2755,0.0015
3.2805,0.0015
3.2855,0.0015
3.2905,0.0014
3.2955,0.0012
3.3005,0.0013
3.3055,0.0013
3.3105,0.0012
3.3155,0.0015
3.3205,0.0012
3.3255,0.0012
3.3305,0.0015
3.3355,0.0015
3.3405,0.0015
3.3455,0.0015
3.3505,0.0015
3.3555,0.0012
3.3605,0.0012
3.3655,0.0013
3.3705,0.0015
3.3755,0.0015
3.3805,0.0015
3.3855,0.0015
3.3905,0.0015
3.3955,0.0015
3.4005,0.0015
3.4055,0.0015
3.4105,0.0015
3.4155,0.0015
3.4205,0.0015
3.4255,0.0015
3.4305,0.0013
3.4355,0.0012
3.4405,0.0012
3.4455,0.0012
3.4505,0.0012
3.4555,0.0012
3.4605,0.0014
3.4655,0.0014
3.4705,0.0015
3.4755,0.0013
3.4805,0.0012
3.4855,0.0014
3.4905,0.0015
3.4955,0.0015
3.5005,0.0015
3.5055,0.0015
3.5105,0.0015
3.5155,0.0015
3.5205,0.0015
3.5255,0.0015
3.5305,0.0015
3.5355,0.0015
3.5405,0.0015
3.5455,0.0015
3.5505,0.0015
3.5555,0.0015
3.5605,0.0014
3.5655,0.0012
3.5705,0.0013
3.5755,0.0015
3.5805,0.0015
3.5855,0.0015
3.5905,0.0015
3.5955,0.0015
3.6005,0.0015
3.6055,0.0015
3.6105,0.0015
3.6155,0.0015
3.6205,0.0015
3.6255,0.0015
3.6305,0.0015
3.6355,0.0015
3.6405,0.0015
3.6455,0.0015
3.6505,0.0015
3.6555,0.0015
3.6605,0.0015
3.6655,0.0015
3.6705,0.0015
3.6755,0.0015
3.6805,0.0015
3.6855,0.0015
3.6905,0.0015
3.6955,0.0015
3.7005,0.0015
3.7055,0.0015
3.7105,0.0015
3.7155,0.0015
3.7205,0.0015
3.7255,0.0015
3.7305,0.0015
3.7355,0.0015
3.7405,0.0015
3.7455,0.0015
3.7505,0.0015
3.7555,0.0015
3.7605,0.0015
3.7655,0.0015
3.7705,0.0015
3.7755,0.0015
3.7805,0.0015
3.7855,0.0015
3.7905,0.0015
3.7955,0.0015
3.8005,0.0015
3.8055,0.0015
3.8105,0.0015
3.8155,0.0015
3.8205,0.0015
3.8255,0.0015
3.8305,0.0015
3.8355,0.0015
3.8405,0.0015
3.8455,0.0015
3.8505,0.0015
3.8555,0.0015
3.8605,0.0015
3.8655,0.0015
3.8705,0.0015
3.8755,0.0015
3.8805,0.0015
3.8855,0.0015
3.8906,0.0015
3.8956,0.0015
3.9006,0.0015
3.9056,0.0015
3.9106,0.0015
3.9156,0.0015
3.9206,0.0015
3.9256,0.0015
3.9306,0.0015
3.9356,0.0015
3.9406,0.0015
3.9456,0.0015
3.9506,0.0015
3.9556,0.0015
3.9606,0.0015
3.9656,0.0015
3.9706,0.0015
3.9756,0.0015
3.9806,0.0015
3.9856,0.0015
3.9906,0.0015
3.9956,0.0015
4.0006,0.0018
4.0056,0.0018
4.0106,0.0018
4.0156,0.0015
4.0206,0.0015
4.0256,0.0015
4.0306,0.0015
4.0356,0.0015
4.0406,0.0015
4.0456,0.0015
4.0506,0.0015
4.0556,0.0015
4.0606,0.0015
4.0656,0.0015
4.0706,0.0015
4.0756,0.0015
4.0806,0.0015
4.0856,0.0015
4.0906,0.0015
4.0956,0.0015
4.1006,0.0015
4.1056,0.0015
4.1106,0.0015
4.1156,0.0015
4.1206,0.0015
4.1256,0.0015
4.1306,0.0015
4.1356,0.0015
4.1406,0.0015
4.1456,0.0015
4.1506,0.0015
4.1556,0.0015
4.1606,0.0015
4.1656,0.0015
4.1706,0.0015
4.1756,0.0015
4.1806,0.0015
4.1856,0.0015
4.1906,0.0015
4.1956,0.0015
4.2006,0.0015
4.2056,0.0015
4.2106,0.0015
4.2156,0.0015
4.2206,0.0015
4.2256,0.0015
4.2306,0.0015
4.2356,0.0015
4.2406,0.0015
4.2456,0.0015
4.2506,0.0015
4.2556,0.0015
4.2606,0.0015
4.2656,0.0015
4.2706,0.0015
4.2756,0.0015
4.2806,0.0015
4.2856,0.0015
4.2906,0.0015
4.2956,0.0015
4.3006,0.0015
4.3056,0.0015
4.3106,0.0015
4.3156,0.0015
4.3206,0.0015
4.3256,0.0015
4.3306,0.0015
4.3356,0.0015
4.3406,0.0018
4.3456,0.0017
4.3506,0.0015
4.3556,0.0015
4.3606,0.0015
4.3656,0.0015
4.3706,0.0015
4.3756,0.0015
4.3806,0.0015
4.3856,0.0017
4.3906,0.0015
4.3956,0.0015
4.4006,0.0015
4.4056,0.0015
4.4106,0.0015
4.4156,0.0015
4.4206,0.0015
4.4256,0.0015
4.4306,0.0015
4.4356,0.0015
4.4406,0.0015
4.4456,0.0015
4.4506,0.0015
4.4556,0.0015
4.4606,0.0015
4.4656,0.0015
4.4706,0.0015
4.4756,0.0015
4.4806,0.0015
4.4856,0.0015
4.4906,0.0015
4.4956,0.0015
4.5006,0.0015
4.5056,0.0015
4.5106,0.0015
4.5156,0.0015
4.5206,0.0015
4.5256,0.0015
4.5306,0.0015
4.5356,0.0015
4.5406,0.0015
4.5456,0.0015
4.5506,0.0015
4.5556,0.0015
4.5606,0.0015
4.5656,0.0015
4.5706,0.0015
4.5756,0.0015
4.5806,0.0015
4.5856,0.0015
4.5906,0.0015
4.5957,0.0015
4.6007,0.0015
4.6057,0.0015
4.6107,0.0015
4.6157,0.0015
4.6207,0.0015
4.6257,0.0015
4.6307,0.0015
4.6357,0.0015
4.6407,0.0015
4.6457,0.0015
4.6507,0.0015
4.6557,0.0015
4.6607,0.0015
4.6657,0.0015
4.6707,0.0015
4.6757,0.0015
4.6807,0.0015
4.6857,0.0015
4.6907,0.0015
4.6957,0.0015
4.7007,0.0015
4.7057,0.0015
4.7107,0.0015
4.7157,0.0015
4.7207,0.0015
4.7257,0.0015
4.7307,0.0015
4.7357,0.0015
4.7407,0.0015
4.7457,0.0015
4.7507,0.0015
4.7557,0.0015
4.7607,0.0015
4.7657,0.0015
4.7707,0.0015
4.7757,0.0015
4.7807,0.0015
4.7857,0.0015
4.7907,0.0015
4.7957,0.0015
4.8007,0.0015
4.8057,0.0015
4.8107,0.0015
4.8157,0.0015
4.8207,0.0015
4.8257,0.0015
4.8307,0.0015
4.8357,0.0015
4.8407,0.0015
4.8457,0.0015
4.8507,0.0015
4.8557,0.0015
4.8607,0.0015
4.8657,0.0015
4.8707,0.0015
4.8757,0.0015
4.8807,0.0015
4.8857,0.0015
4.8907,0.0015
4.8957,0.0015
4.9007,0.0015
4.9057,0.0015
4.9107,0.0015
4.9157,0.0015
4.9207,0.0015
4.9257,0.0015
4.9307,0.0015
4.9357,0.0015
4.9407,0.0015
4.9457,0.0015
4.9507,0.0015
4.9557,0.0015
4.9607,0.0015
4.9657,0.0015
4.9707,0.0015
4.9757,0.0015
4.9807,0.0015
4.9857,0.0015
4.9907,0.0015
4.9957,0.0015
5.0007,0.0015
5.0057,0.0015
5.0107,0.0015
5.0157,0.0015
5.0207,0.0015
5.0257,0.0015
5.0307,0.0015
5.0357,0.0015
5.0407,0.0015
5.0457,0.0015
5.0507,0.0015
5.0557,0.0015
5.0607,0.0015
5.0657,0.0015
5.0707,0.0015
5.0757,0.0015
5.0807,0.0015
5.0857,0.0015
5.0907,0.0015
5.0957,0.0015
5.1007,0.0012
5.1057,0.0015
5.1107,0.0015
5.1157,0.0015
5.1207,0.0015
5.1257,0.0015
5.1307,0.0015
5.1357,0.0015
5.1407,0.0015
5.1457,0.0015
5.1507,0.0015
5.1557,0.0015
5.1607,0.0015
5.1657,0.0015
5.1707,0.0015
5.1757,0.0015
5.1807,0.0015
5.1857,0.0015
5.1907,0.0015
5.1957,0.0015
5.2007,0.0015
5.2057,0.0015
5.2107,0.0015
5.2157,0.0015
5.2207,0.0015
5.2257,0.0015
5.2307,0.0015
5.2357,0.0015
5.2407,0.0015
5.2457,0.0015
5.2507,0.0015
5.2557,0.0015
5.2607,0.0015
5.2657,0.0015
5.2707,0.0015
5.2757,0.0015
5.2807,0.0015
5.2857,0.0015
5.2907,0.0015
5.2957,0.0013
5.3008,0.0012
5.3058,0.0012
5.3108,0.0015
5.3158,0.0014
5.3208,0.0012
5.3258,0.0012
5.3308,0.0012
5.3358,0.0013
5.3408,0.0015
5.3458,0.0015
5.3508,0.0015
5.3558,0.0015
5.3608,0.0013
5.3658,0.0015
5.3708,0.0015
5.3758,0.0015
5.3808,0.0015
5.3858,0.0015
5.3908,0.0015
5.3958,0.0015
5.4008,0.0015
5.4058,0.0015
5.4108,0.0012
5.4158,0.0012
5.4208,0.0012
5.4258,0.0012
5.4308,0.0013
5.4358,0.0015
5.4408,0.0015
5.4458,0.0012
5.4508,0.0013
5.4558,0.0012
5.4608,0.0012
5.4658,0.0012
5.4708,0.0012
5.4758,0.0012
5.4808,0.0012
5.4858,0.0012
5.4908,0.0012
5.4958,0.0013
5.5008,0.0015
5.5058,0.0015
5.5108,0.0015
5.5158,0.0012
5.5208,0.0012
5.5258,0.0012
5.5308,0.0012
5.5358,0.0012
5.5408,0.0012
5.5458,0.0012
5.5508,0.0012
5.5558,0.0012
5.5608,0.0012
5.5658,0.0012
5.5708,0.0012
5.5758,0.0012
5.5808,0.0012
5.5858,0.0012
5.5908,0.0012
5.5958,0.0012
5.6008,0.0012
5.6058,0.0013
5.6108,0.0012
5.6158,0.0012
5.6208,0.0012
5.6258,0.0012
5.6308,0.0012
5.6358,0.0012
5.6408,0.0012
5.6458,0.0012
5.6508,0.0012
5.6558,0.0012
5.6608,0.0012
5.6658,0.0012
5.6708,0.0012
5.6758,0.0012
5.6808,0.0012
5.6858,0.0012
5.6908,0.0012
5.6958,0.0012
5.7008,0.0012
5.7058,0.0012
5.7108,0.0012
5.7158,0.0012
5.7208,0.0012
5.7258,0.0012
5.7308,0.0012
5.7358,0.0012
5.7408,0.0012
5.7458,0.0012
5.7508,0.0012
5.7558,0.0012
5.7608,0.0012
5.7658,0.0012
5.7708,0.0012
5.7758,0.0012
5.7808,0.0012
5.7858,0.0012
5.7908,0.0012
5.7958,0.0012
5.8008,0.0012
5.8058,0.0012
5.8108,0.0012
5.8158,0.0012
5.8208,0.0012
5.8258,0.0012
5.8308,0.0012
5.8358,0.0012
5.8408,0.0012
5.8458,0.0012
5.8508,0.0012
5.8558,0.0012
5.8608,0.0012
5.8658,0.0012
5.8708,0.0012
5.8758,0.0012
5.8808,0.0012
5.8858,0.0012
5.8908,0.0012
5.8958,0.0012
5.9008,0.0012
5.9058,0.0012
5.9108,0.0012
5.9158,0.0012
5.9208,0.0012
5.9258,0.0012
5.9308,0.0012
5.9358,0.0012
5.9408,0.0012
5.9458,0.0012
5.9508,0.0012
5.9558,0.0012
5.9608,0.0012
5.9658,0.0012
5.9708,0.0012
5.9758,0.0012
5.9808,0.0012
5.9858,0.0012
5.9908,0.0012
5.9958,0.0012
6.0008,0.0012
6.0058,0.0012
6.0109,0.0012
6.0159,0.0012
6.0209,0.0012
6.0259,0.0012
6.0309,0.0012
6.0359,0.0012
6.0409,0.0012
6.0459,0.0012
6.0509,0.0012
6.0559,0.0012
6.0609,0.0012
6.0659,0.0012
6.0709,0.0012
6.0759,0.0012
6.0809,0.0012
6.0859,0.0012
6.0909,0.0012
6.0959,0.0012
6.1009,0.0012
6.1059,0.0012
6.1109,0.0012
6.1159,0.0012
6.1209,0.0012
6.1259,0.0012
6.1309,0.0012
6.1359,0.0012
6.1409,0.0012
6.1459,0.0012
6.1509,0.0012
6.1559,0.0012
6.1609,0.0012
6.1659,0.0012
6.1709,0.0012
6.1759,0.0012
6.1809,0.0012
6.1859,0.0012
6.1909,0.0012
6.1959,0.0012
6.2009,0.0012
6.2059,0.0012
6.2109,0.0012
6.2159,0.0012
6.2209,0.0012
6.2259,0.0012
6.2309,0.0012
6.2359,0.0012
6.2409,0.0012
6.2459,0.0012
6.2509,0.0012
6.2559,0.0012
6.2609,0.0012
6.2659,0.0012
6.2709,0.0012
6.2759,0.0012
6.2809,0.0012
6.2859,0.0012
6.2909,0.0012
6.2959,0.0012
6.3009,0.0012
6.3059,0.0012
6.3109,0.0012
6.3159,0.0012
6.3209,0.0012
6.3259,0.0012
6.3309,0.0012
6.3359,0.0012
6.3409,0.0012
6.3459,0.0012
6.3509,0.0012
6.3559,0.0012
6.3609,0.0012
6.3659,0.0012
6.3709,0.0012
6.3759,0.0012
6.3809,0.0012
6.3859,0.0012
6.3909,0.0012
6.3959,0.0012
6.4009,0.0012
6.4059,0.0012
6.4109,0.0012
6.4159,0.0012
6.4209,0.0012
6.4259,0.0012
6.4309,0.0012
6.4359,0.0012
6.4409,0.0012
6.4459,0.0012
6.4509,0.0012
6.4559,0.0012
6.4609,0.0012
6.4659,0.0012
6.4709,0.0012
6.4759,0.0012
6.4809,0.0012
6.4859,0.0012
6.4909,0.0012
6.4959,0.0012
6.5009,0.0012
6.5059,0.0012
6.5109,0.0012
6.5159,0.0012
6.5209,0.0012
6.5259,0.0012
6.5309,0.0012
6.5359,0.0012
6.5409,0.0012
6.5459,0.0012
6.5509,0.0012
6.5559,0.0012
6.5609,0.0012
6.5659,0.0012
6.5709,0.0012
6.5759,0.0012
6.5809,0.0012
6.5859,0.0012
6.5909,0.0012
6.5959,0.0012
6.6009,0.0012
6.6059,0.0012
6.6109,0.0012
6.6159,0.0012
6.6209,0.0012
6.6259,0.0012
6.6309,0.0012
6.6359,0.0012
6.6409,0.0012
6.6459,0.0012
6.6509,0.0012
6.6559,0.0012
6.6609,0.0012
6.6659,0.0012
6.6709,0.0012
6.6759,0.0012
6.6809,0.0012
6.6859,0.0012
6.6909,0.0012
6.6959,0.0012
6.7009,0.0012
6.7059,0.0012
6.7109,0.0012
6.7160,0.0012
6.7210,0.0012
6.7260,0.0012
6.7310,0.0012
6.7360,0.0012
6.7410,0.0012
6.7460,0.0012
6.7510,0.0012
6.7560,0.0012
6.7610,0.0012
6.7660,0.0012
6.7710,0.0012
6.7760,0.0012
6.7810,0.0012
6.7860,0.0012
6.7910,0.0012
6.7960,0.0012
6.8010,0.0012
6.8060,0.0012
6.8110,0.0012
6.8160,0.0012
6.8210,0.0012
6.8260,0.0012
6.8310,0.0012
6.8360,0.0012
6.8410,0.0012
6.8460,0.0012
6.8510,0.0012
6.8560,0.0012
6.8610,0.0012
6.8660,0.0012
6.8710,0.0012
6.8760,0.0012
6.8810,0.0012
6.8860,0.0012
6.8910,0.0012
6.8960,0.0012
6.9010,0.0012
6.9060,0.0012
6.9110,0.0012
6.9160,0.0012
6.9210,0.0012
6.9260,0.0012
6.9310,0.0012
6.9360,0.0012
6.9410,0.0012
6.9460,0.0012
6.9510,0.0012
6.9560,0.0012
6.9610,0.0012
6.9660,0.0012
6.9710,0.0012
6.9760,0.0012
6.9810,0.0012
6.9860,0.0012
6.9910,0.0012
6.9960,0.0012
7.0010,0.0012
7.0060,0.0012
7.0110,0.0012
7.0160,0.0012
7.0210,0.0012
7.0260,0.0012
7.0310,0.0012
7.0360,0.0012
7.0410,0.0012
7.0460,0.0012
7.0510,0.0012
7.0560,0.0012
7.0610,0.0012
7.0660,0.0012
7.0710,0.0012
7.0760,0.0012
7.0810,0.0012
7.0860,0.0012
7.0910,0.0012
7.0960,0.0012
7.1010,0.0012
7.1060,0.0012
7.1110,0.0012
7.1160,0.0012
7.1210,0.0012
7.1260,0.0012
7.1310,0.0012
7.1360,0.0012
7.1410,0.0012
7.1460,0.0012
7.1510,0.0012
7.1560,0.0012
7.1610,0.0012
7.1660,0.0012
7.1710,0.0012
7.1760,0.0012
7.1810,0.0012
7.1860,0.0012
7.1910,0.0012
7.1960,0.0012
7.2010,0.0012
7.2060,0.0012
7.2110,0.0012
7.2160,0.0012
7.2210,0.0012
7.2260,0.0012
7.2310,0.0012
7.2360,0.0012
7.2410,0.0012
7.2460,0.0012
7.2510,0.0012
7.2560,0.0012
7.2610,0.0012
7.2660,0.0012
7.2710,0.0012
7.2760,0.0012
7.2810,0.0012
7.2860,0.0012
7.2910,0.0012
7.2960,0.0012
7.3010,0.0012
7.3060,0.0012
7.3110,0.0012
7.3160,0.0012
7.3210,0.0012
7.3260,0.0012
7.3310,0.0012
7.3360,0.0012
7.3410,0.0012
7.3460,0.0012
7.3510,0.0012
7.3560,0.0012
7.3610,0.0012
7.3660,0.0012
7.3710,0.0012
7.3760,0.0012
7.3810,0.0012
7.3860,0.0012
7.3910,0.0012
7.3960,0.0014
7.4010,0.0012
7.4060,0.0012
7.4110,0.0012
7.4160,0.0012
7.4211,0.0012
7.4261,0.0012
7.4311,0.0012
7.4361,0.0012
7.4411,0.0012
7.4461,0.0012
7.4511,0.0012
7.4561,0.0012
7.4611,0.0012
7.4661,0.0012
7.4711,0.0012
7.4761,0.0012
7.4811,0.0012
7.4861,0.0012
7.4911,0.0012
7.4961,0.0012
7.5011,0.0012
7.5061,0.0012
7.5111,0.0012
7.5161,0.0012
7.5211,0.0012
7.5261,0.0012
7.5311,0.0012
7.5361,0.0012
7.5411,0.0012
7.5461,0.0012
7.5511,0.0012
7.5561,0.0012
7.5611,0.0012
7.5661,0.0012
7.5711,0.0012
7.5761,0.0012
7.5811,0.0012
7.5861,0.0012
7.5911,0.0012
7.5961,0.0012
7.6011,0.0012
7.6061,0.0012
7.6111,0.0012
7.6161,0.0012
7.6211,0.0012
7.6261,0.0012
7.6311,0.0012
7.6361,0.0012
7.6411,0.0012
7.6461,0.0012
7.6511,0.0012
7.6561,0.0012
7.6611,0.0012
7.6661,0.0012
7.6711,0.0012
7.6761,0.0012
7.6811,0.0012
7.6861,0.0012
7.6911,0.0012
7.6961,0.0012
7.7011,0.0012
7.7061,0.0012
7.7111,0.0012
7.7161,0.0012
7.7211,0.0012
7.7261,0.0012
7.7311,0.0012
7.7361,0.0012
7.7411,0.0012
7.7461,0.0012
7.7511,0.0012
7.7561,0.0012
7.7611,0.0012
7.7661,0.0012
7.7711,0.0012
7.7761,0.0012
7.7811,0.0012
7.7861,0.0012
7.7911,0.0012
7.7961,0.0012
7.8011,0.0012
7.8061,0.0012
7.8111,0.0012
7.8161,0.0012
7.8211,0.0012
7.8261,0.0012
7.8311,0.0012
7.8361,0.0012
7.8411,0.0012
7.8461,0.0012
7.8511,0.0012
7.8561,0.0012
7.8611,0.0012
7.8661,0.0012
7.8711,0.0012
7.8761,0.0012
7.8811,0.0012
7.8861,0.0012
7.8911,0.0012
7.8961,0.0012
7.9011,0.0012
7.9061,0.0012
7.9111,0.0012
7.9161,0.0012
7.9211,0.0012
7.9261,0.0012
7.9311,0.0012
7.9361,0.0012
7.9411,0.0013
7.9461,0.0012
7.9511,0.0012
7.9561,0.0012
7.9611,0.0012
7.9661,0.0012
7.9711,0.0012
7.9761,0.0012
7.9811,0.0012
7.9861,0.0012
7.9911,0.0012
7.9961,0.0012
8.0011,0.0012
8.0061,0.0012
8.0111,0.0012
8.0161,0.0012
8.0211,0.0012
8.0261,0.0012
8.0311,0.0012
8.0361,0.0012
8.0411,0.0012
8.0461,0.0012
8.0511,0.0012
8.0561,0.0012
8.0611,0.0012
8.0661,0.0012
8.0711,0.0012
8.0761,0.0012
8.0811,0.0012
8.0861,0.0012
8.0911,0.0012
8.0961,0.0012
8.1011,0.0012
8.1061,0.0012
8.1111,0.0012
8.1161,0.0012
8.1211,0.0012
8.1262,0.0012
8.1312,0.0012
8.1362,0.0012
8.1412,0.0014
8.1462,0.0015
8.1512,0.0012
8.1562,0.0012
8.1612,0.0012
8.1662,0.0012
8.1712,0.0012
8.1762,0.0012
8.1812,0.0012
8.1862,0.0012
8.1912,0.0012
8.1962,0.0012
8.2012,0.0012
8.2062,0.0012
8.2112,0.0012
8.2162,0.0012
8.2212,0.0012
8.2262,0.0012
8.2312,0.0012
8.2362,0.0012
8.2412,0.0012
8.2462,0.0012
8.2512,0.0013
8.2562,0.0012
8.2612,0.0014
8.2662,0.0015
8.2712,0.0015
8.2762,0.0015
8.2812,0.0012
8.2862,0.0015
8.2912,0.0012
8.2962,0.0012
8.3012,0.0012
8.3062,0.0012
8.3112,0.0012
8.3162,0.0012
8.3212,0.0012
8.3262,0.0012
8.3312,0.0012
8.3362,0.0012
8.3412,0.0012
8.3462,0.0012
8.3512,0.0015
8.3562,0.0015
8.3612,0.0015
8.3662,0.0015
8.3712,0.0014
8.3762,0.0012
8.3812,0.0012
8.3862,0.0012
8.3912,0.0012
8.3962,0.0012
8.4012,0.0012
8.4062,0.0012
8.4112,0.0012
8.4162,0.0012
8.4212,0.0012
8.4262,0.0012
8.4312,0.0012
8.4362,0.0012
8.4412,0.0012
8.4462,0.0012
8.4512,0.0012
8.4562,0.0012
8.4612,0.0012
8.4662,0.0012
8.4712,0.0012
8.4762,0.0012
8.4812,0.0012
8.4862,0.0012
8.4912,0.0012
8.4962,0.0012
8.5012,0.0012
8.5062,0.0012
8.5112,0.0014
8.5162,0.0014
8.5212,0.0012
8.5262,0.0012
8.5312,0.0012
8.5362,0.0012
8.5412,0.0012
8.5462,0.0015
8.5512,0.0013
8.5562,0.0013
8.5612,0.0013
8.5662,0.0015
8.5712,0.0015
8.5762,0.0012
8.5812,0.0012
8.5862,0.0012
8.5912,0.0012
8.5962,0.0012
8.6012,0.0012
8.6062,0.0013
8.6112,0.0012
8.6162,0.0012
8.6212,0.0012
8.6262,0.0015
8.6312,0.0015
8.6362,0.0015
8.6412,0.0015
8.6462,0.0012
8.6512,0.0012
8.6562,0.0012
8.6612,0.0012
8.6662,0.0012
8.6712,0.0012
8.6762,0.0012
8.6812,0.0012
8.6862,0.0012
8.6912,0.0012
8.6962,0.0012
8.7012,0.0012
8.7062,0.0015
8.7112,0.0015
8.7162,0.0015
8.7212,0.0015
8.7262,0.0015
8.7312,0.0015
8.7362,0.0014
8.7412,0.0015
8.7462,0.0014
8.7512,0.0015
8.7562,0.0015
8.7612,0.0015
8.7662,0.0014
8.7712,0.0012
8.7762,0.0015
8.7812,0.0012
8.7862,0.0012
8.7912,0.0014
8.7962,0.0012
8.8012,0.0015
8.8062,0.0015
8.8112,0.0015
8.8162,0.0015
8.8212,0.0015
8.8262,0.0014
8.8313,0.0015
8.8363,0.0015
8.8413,0.0015
8.8463,0.0015
8.8513,0.0015
8.8563,0.0015
8.8613,0.0015
8.8663,0.0015
8.8713,0.0015
8.8763,0.0015
8.8813,0.0015
8.8863,0.0015
8.8913,0.0015
8.8963,0.0015
8.9013,0.0013
8.9063,0.0015
8.9113,0.0015
8.9163,0.0015
8.9213,0.0015
8.9263,0.0015
8.9313,0.0015
8.9363,0.0015
8.9413,0.0015
8.9463,0.0015
8.9513,0.0015
8.9563,0.0015
8.9613,0.0015
8.9663,0.0015
8.9713,0.0014
8.9763,0.0015
8.9813,0.0015
8.9863,0.0015
8.9913,0.0015
8.9963,0.0015
9.0013,0.0013
9.0063,0.0014
9.0113,0.0013
9.0163,0.0015
9.0213,0.0015
9.0263,0.0015
9.0313,0.0015
9.0363,0.0015
9.0413,0.0015
9.0463,0.0015
9.0513,0.0015
9.0563,0.0015
9.0613,0.0015
9.0663,0.0015
9.0713,0.0015
9.0763,0.0015
9.0813,0.0015
9.0863,0.0015
9.0913,0.0015
9.0963,0.0015
9.1013,0.0015
9.1063,0.0015
9.1113,0.0015
9.1163,0.0015
9.1213,0.0015
9.1263,0.0015
9.1313,0.0015
9.1363,0.0015
9.1413,0.0015
9.1463,0.0015
9.1513,0.0015
9.1563,0.0015
9.1613,0.0015
9.1663,0.0015
9.1713,0.0015
9.1763,0.0015
9.1813,0.0015
9.1863,0.0015
9.1913,0.0015
9.1963,0.0015
9.2013,0.0015
9.2063,0.0015
9.2113,0.0015
9.2163,0.0015
9.2213,0.0015
9.2263,0.0015
9.2313,0.0015
9.2363,0.0015
9.2413,0.0015
9.2463,0.0015
9.2513,0.0015
9.2563,0.0015
9.2613,0.0015
9.2663,0.0015
9.2713,0.0015
9.2763,0.0015
9.2813,0.0015
9.2863,0.0015
9.2913,0.0015
9.2963,0.0015
9.3013,0.0015
9.3063,0.0015
9.3113,0.0015
9.3163,0.0015
9.3213,0.0015
9.3263,0.0015
9.3313,0.0015
9.3363,0.0015
9.3413,0.0015
9.3463,0.0015
9.3513,0.0015
9.3563,0.0015
9.3613,0.0015
9.3663,0.0015
9.3713,0.0018
9.3763,0.0017
9.3813,0.0015
9.3863,0.0015
9.3913,0.0015
9.3963,0.0015
9.4013,0.0015
9.4063,0.0015
9.4113,0.0018
9.4163,0.0018
9.4213,0.0018
9.4263,0.0018
9.4313,0.0015
9.4363,0.0015
9.4413,0.0015
9.4463,0.0018
9.4513,0.0018
9.4563,0.0018
9.4613,0.0018
9.4663,0.0018
9.4713,0.0018
9.4763,0.0018
9.4813,0.0018
9.4863,0.0018
9.4913,0.0018
9.4963,0.0018
9.5013,0.0018
9.5063,0.0018
9.5113,0.0018
9.5163,0.0018
9.5213,0.0018
9.5263,0.0018
9.5313,0.0018
9.5363,0.0018
9.5414,0.0018
9.5464,0.0018
9.5514,0.0018
9.5564,0.0018
9.5614,0.0018
9.5664,0.0018
9.5714,0.0018
9.5764,0.0018
9.5814,0.0018
9.5864,0.0018
9.5914,0.0018
9.5964,0.0018
9.6014,0.0018
9.6064,0.0018
9.6114,0.0018
9.6164,0.0018
9.6214,0.0018
9.6264,0.0018
9.6314,0.0018
9.6364,0.0018
9.6414,0.0018
9.6464,0.0018
9.6514,0.0018
9.6564,0.0018
9.6614,0.0018
9.6664,0.0019
9.6714,0.0018
9.6764,0.0018
9.6814,0.0018
9.6864,0.0018
9.6914,0.0018
9.6964,0.0018
9.7014,0.0018
9.7064,0.0018
9.7114,0.0018
9.7164,0.0018
9.7214,0.0018
9.7264,0.0018
9.7314,0.0018
9.7364,0.0018
9.7414,0.0018
9.7464,0.0018
9.7514,0.0018
9.7564,0.0018
9.7614,0.0018
9.7664,0.0018
9.7714,0.0021
9.7764,0.0022
9.7814,0.0022
9.7864,0.0022
9.7914,0.0022
9.7964,0.0022
9.8014,0.0022
9.8064,0.0022
9.8114,0.0022
9.8164,0.0022
9.8214,0.0022
9.8264,0.0022
9.8314,0.0022
9.8364,0.0022
9.8414,0.0022
9.8464,0.0022
9.8514,0.0022
9.8564,0.0022
9.8614,0.0022
9.8664,0.0022
9.8714,0.0022
9.8764,0.0022
9.8814,0.0022
9.8864,0.0022
9.8914,0.0022
9.8964,0.0022
9.9014,0.0022
9.9064,0.0022
9.9114,0.0022
9.9164,0.0022
9.9214,0.0022
9.9264,0.0022
9.9314,0.0022
9.9364,0.0022
9.9414,0.0022
9.9464,0.0022
9.9514,0.0022
9.9564,0.0022
9.9614,0.0022
9.9664,0.0022
9.9714,0.0022
9.9764,0.0022
9.9814,0.0022
9.9864,0.0022
9.9914,0.0022
9.9964,0.0022
10.0014,0.0022
10.0064,0.0022
10.0114,0.0022
10.0164,0.0022
10.0214,0.0022
10.0264,0.0022
10.0314,0.0022
10.0364,0.0022
10.0414,0.0022
10.0464,0.0022
10.0514,0.0022
10.0564,0.0022
10.0614,0.0022
10.0664,0.0022
10.0714,0.0022
10.0764,0.0022
10.0814,0.0022
10.0864,0.0022
10.0914,0.0022
10.0964,0.0022
10.1014,0.0024
10.1064,0.0022
10.1114,0.0024
10.1164,0.0025
10.1214,0.0025
10.1264,0.0025
10.1314,0.0025
10.1364,0.0027
10.1414,0.0025
10.1464,0.0025
10.1514,0.0025
10.1564,0.0025
10.1614,0.0025
10.1664,0.0025
10.1714,0.0028
10.1764,0.0028
10.1814,0.0028
10.1864,0.0028
10.1914,0.0028
10.1964,0.0028
10.2014,0.0028
10.2064,0.0028
10.2114,0.0028
10.2164,0.0028
10.2214,0.0028
10.2264,0.0028
10.2314,0.0028
10.2364,0.0028
10.2414,0.0028
10.2465,0.0028
10.2515,0.0028
10.2565,0.0029
10.2615,0.0028
10.2665,0.0028
10.2715,0.0031
10.2765,0.0031
10.2815,0.0030
10.2865,0.0029
10.2915,0.0028
10.2965,0.0029
10.3015,0.0028
10.3065,0.0031
10.3115,0.0031
10.3165,0.0031
10.3215,0.0031
10.3265,0.0031
10.3315,0.0031
10.3365,0.0031
10.3415,0.0031
10.3465,0.0031
10.3515,0.0031
10.3565,0.0031
10.3615,0.0031
10.3665,0.0031
10.3715,0.0031
10.3765,0.0031
10.3815,0.0034
10.3865,0.0035
10.3915,0.0035
10.3965,0.0035
10.4015,0.0035
10.4065,0.0035
10.4115,0.0035
10.4165,0.0035
10.4215,0.0035
10.4265,0.0035
10.4315,0.0035
10.4365,0.0035
10.4415,0.0035
10.4465,0.0035
10.4515,0.0035
10.4565,0.0035
10.4615,0.0035
10.4665,0.0035
10.4715,0.0035
10.4765,0.0035
10.4815,0.0038
10.4865,0.0038
10.4915,0.0038
10.4965,0.0038
10.5015,0.0038
10.5065,0.0038
10.5115,0.0038
10.5165,0.0038
10.5215,0.0038
10.5265,0.0038
10.5315,0.0038
10.5365,0.0038
10.5415,0.0038
10.5465,0.0038
10.5515,0.0038
10.5565,0.0041
10.5615,0.0041
10.5665,0.0041
10.5715,0.0041
10.5765,0.0041
10.5815,0.0041
10.5865,0.0041
10.5915,0.0041
10.5965,0.0041
10.6015,0.0041
10.6065,0.0041
10.6115,0.0042
10.6165,0.0043
10.6215,0.0045
10.6265,0.0045
10.6315,0.0045
10.6365,0.0045
10.6415,0.0045
10.6465,0.0045
10.6515,0.0045
10.6565,0.0045
10.6615,0.0045
10.6665,0.0046
10.6715,0.0046
10.6765,0.0045
10.6815,0.0045
10.6865,0.0048
10.6915,0.0048
10.6965,0.0048
10.7015,0.0048
10.7065,0.0048
10.7115,0.0048
10.7165,0.0048
10.7215,0.0048
10.7265,0.0048
10.7315,0.0048
10.7365,0.0048
10.7415,0.0051
10.7465,0.0051
10.7515,0.0051
10.7565,0.0054
10.7615,0.0054
10.7665,0.0054
10.7715,0.0054
10.7765,0.0054
10.7815,0.0054
10.7865,0.0054
10.7915,0.0054
10.7965,0.0054
10.8015,0.0054
10.8065,0.0057
10.8115,0.0058
10.8165,0.0058
10.8215,0.0058
10.8265,0.0058
10.8315,0.0058
10.8365,0.0058
10.8415,0.0058
10.8465,0.0061
10.8515,0.0061
10.8565,0.0061
10.8615,0.0061
10.8665,0.0061
10.8715,0.0064
10.8765,0.0064
10.8815,0.0064
10.8865,0.0064
10.8915,0.0064
10.8965,0.0064
10.9015,0.0064
10.9065,0.0064
10.9115,0.0068
10.9165,0.0068
10.9215,0.0068
10.9265,0.0068
10.9315,0.0068
10.9365,0.0069
10.9415,0.0071
10.9465,0.0071
10.9515,0.0071
10.9566,0.0072
10.9616,0.0073
10.9666,0.0074
10.9716,0.0074
10.9766,0.0074
10.9816,0.0074
10.9866,0.0074
10.9916,0.0074
10.9966,0.0074
11.0016,0.0074
11.0066,0.0074
11.0116,0.0077
11.0166,0.0077
11.0216,0.0080
11.0266,0.0081
11.0316,0.0081
11.0366,0.0081
11.0416,0.0081
11.0466,0.0083
11.0516,0.0084
11.0566,0.0084
11.0616,0.0084
11.0666,0.0084
11.0716,0.0086
11.0766,0.0087
11.0816,0.0087
11.0866,0.0087
11.0916,0.0090
11.0966,0.0091
11.1016,0.0091
11.1066,0.0091
11.1116,0.0091
11.1166,0.0091
11.1216,0.0094
11.1266,0.0094
11.1316,0.0094
11.1366,0.0094
11.1416,0.0097
11.1466,0.0097
11.1516,0.0097
11.1566,0.0100
11.1616,0.0101
11.1666,0.0101
11.1716,0.0101
11.1766,0.0101
11.1816,0.0101
11.1866,0.0101
11.1916,0.0104
11.1966,0.0104
11.2016,0.0107
11.2066,0.0107
11.2116,0.0107
11.2166,0.0109
11.2216,0.0110
11.2266,0.0110
11.2316,0.0110
11.2366,0.0114
11.2416,0.0114
11.2466,0.0114
11.2516,0.0116
11.2566,0.0117
11.2616,0.0117
11.2666,0.0118
11.2716,0.0120
11.2766,0.0120
11.2816,0.0120
11.2866,0.0122
11.2916,0.0124
11.2966,0.0124
11.3016,0.0127
11.3066,0.0127
11.3116,0.0127
11.3166,0.0127
11.3216,0.0130
11.3266,0.0130
11.3316,0.0131
11.3366,0.0133
11.3416,0.0133
11.3466,0.0133
11.3516,0.0134
11.3566,0.0137
11.3616,0.0137
11.3666,0.0138
11.3716,0.0140
11.3766,0.0140
11.3816,0.0143
11.3866,0.0143
11.3916,0.0143
11.3966,0.0147
11.4016,0.0147
11.4066,0.0147
11.4116,0.0150
11.4166,0.0150
11.4216,0.0152
11.4266,0.0153
11.4316,0.0153
11.4366,0.0153
11.4416,0.0156
11.4466,0.0160
11.4516,0.0160
11.4566,0.0160
11.4616,0.0160
11.4666,0.0162
11.4716,0.0163
11.4766,0.0163
11.4816,0.0165
11.4866,0.0166
11.4916,0.0169
11.4966,0.0170
11.5016,0.0170
11.5066,0.0173
11.5116,0.0173
11.5166,0.0176
11.5216,0.0176
11.5266,0.0176
11.5316,0.0179
11.5366,0.0179
11.5416,0.0180
11.5466,0.0183
11.5516,0.0186
11.5566,0.0186
11.5616,0.0186
11.5666,0.0186
11.5716,0.0189
11.5766,0.0191
11.5816,0.0193
11.5866,0.0194
11.5916,0.0196
11.5966,0.0196
11.6016,0.0199
11.6066,0.0199
11.6116,0.0202
11.6166,0.0202
11.6216,0.0205
11.6266,0.0206
11.6316,0.0206
11.6366,0.0206
11.6416,0.0209
11.6466,0.0212
11.6516,0.0215
11.6566,0.0216
11.6617,0.0218
11.6667,0.0219
11.6717,0.0222
11.6767,0.0222
11.6817,0.0222
11.6867,0.0225
11.6917,0.0225
11.6967,0.0227
11.7017,0.0229
11.7067,0.0232
11.7117,0.0232
11.7167,0.0235
11.7217,0.0239
11.7267,0.0239
11.7317,0.0239
11.7367,0.0241
11.7417,0.0242
11.7467,0.0245
11.7517,0.0245
11.7567,0.0248
11.7617,0.0248
11.7667,0.0252
11.7717,0.0252
11.7767,0.0255
11.7817,0.0257
11.7867,0.0258
11.7917,0.0258
11.7967,0.0261
11.8017,0.0264
11.8067,0.0265
11.8117,0.0268
11.8167,0.0268
11.8217,0.0271
11.8267,0.0271
11.8317,0.0275
11.8367,0.0277
11.8417,0.0278
11.8467,0.0281
11.8517,0.0281
11.8567,0.0285
11.8617,0.0285
11.8667,0.0288
11.8717,0.0291
11.8767,0.0291
11.8817,0.0294
11.8867,0.0294
11.8917,0.0298
11.8967,0.0299
11.9017,0.0301
11.9067,0.0304
11.9117,0.0304
11.9167,0.0308
11.9217,0.0311
11.9267,0.0311
11.9317,0.0314
11.9367,0.0315
11.9417,0.0318
11.9467,0.0321
11.9517,0.0321
11.9567,0.0324
11.9617,0.0325
11.9667,0.0327
11.9717,0.0330
11.9767,0.0333
11.9817,0.0334
11.9867,0.0337
11.9917,0.0339
11.9967,0.0344
12.0017,0.0344
12.0067,0.0347
12.0117,0.0350
12.0167,0.0350
12.0217,0.0350
12.0267,0.0353
12.0317,0.0357
12.0367,0.0360
12.0417,0.0360
12.0467,0.0363
12.0517,0.0364
12.0567,0.0366
12.0617,0.0367
12.0667,0.0370
12.0717,0.0374
12.0767,0.0375
12.0817,0.0377
12.0867,0.0380
12.0917,0.0383
12.0967,0.0383
12.1017,0.0385
12.1067,0.0387
12.1117,0.0390
12.1167,0.0391
12.1217,0.0396
12.1267,0.0396
12.1317,0.0396
12.1367,0.0402
12.1417,0.0403
12.1467,0.0409
12.1517,0.0410
12.1567,0.0413
12.1617,0.0413
12.1667,0.0413
12.1717,0.0416
12.1767,0.0416
12.1817,0.0423
12.1867,0.0423
12.1917,0.0426
12.1967,0.0429
12.2017,0.0430
12.2067,0.0433
12.2117,0.0436
12.2167,0.0436
12.2217,0.0442
12.2267,0.0442
12.2317,0.0442
12.2367,0.0444
12.2417,0.0446
12.2467,0.0451
12.2517,0.0452
12.2567,0.0456
12.2617,0.0458
12.2667,0.0459
12.2717,0.0465
12.2767,0.0466
12.2817,0.0469
12.2867,0.0469
12.2917,0.0473
12.2967,0.0475
12.3017,0.0477
12.3067,0.0479
12.3117,0.0483
12.3167,0.0485
12.3217,0.0488
12.3267,0.0488
12.3317,0.0492
12.3367,0.0495
12.3417,0.0495
12.3467,0.0498
12.3517,0.0499
12.3567,0.0505
12.3617,0.0505
12.3667,0.0505
12.3718,0.0511
12.3768,0.0511
12.3818,0.0515
12.3868,0.0516
12.3918,0.0518
12.3968,0.0521
12.4018,0.0521
12.4068,0.0527
12.4118,0.0528
12.4168,0.0528
12.4218,0.0534
12.4268,0.0536
12.4318,0.0538
12.4368,0.0541
12.4418,0.0541
12.4468,0.0544
12.4518,0.0546
12.4568,0.0548
12.4618,0.0551
12.4668,0.0554
12.4718,0.0557
12.4768,0.0559
12.4818,0.0561
12.4868,0.0563
12.4918,0.0566
12.4968,0.0569
12.5018,0.0570
12.5068,0.0574
12.5118,0.0575
12.5168,0.0574
12.5218,0.0580
12.5268,0.0582
12.5318,0.0586
12.5368,0.0587
12.5418,0.0590
12.5468,0.0593
12.5518,0.0594
12.5568,0.0598
12.5618,0.0600
12.5668,0.0600
12.5718,0.0603
12.5768,0.0604
12.5818,0.0606
12.5868,0.0608
12.5918,0.0610
12.5968,0.0613
12.6018,0.0613
12.6068,0.0619
12.6118,0.0620
12.6168,0.0620
12.6218,0.0626
12.6268,0.0624
12.6318,0.0627
12.6368,0.0630
12.6418,0.0631
12.6468,0.0633
12.6518,0.0633
12.6568,0.0638
12.6618,0.0639
12.6668,0.0639
12.6718,0.0644
12.6768,0.0645
12.6818,0.0646
12.6868,0.0650
12.6918,0.0653
12.6968,0.0653
12.7018,0.0653
12.7068,0.0656
12.7118,0.0656
12.7168,0.0659
12.7218,0.0663
12.7268,0.0663
12.7318,0.0666
12.7368,0.0666
12.7418,0.0669
12.7468,0.0669
12.7518,0.0669
12.7568,0.0675
12.7618,0.0676
12.7668,0.0676
12.7718,0.0679
12.7768,0.0679
12.7818,0.0680
12.7868,0.0682
12.7918,0.0682
12.7968,0.0686
12.8018,0.0686
12.8068,0.0689
12.8118,0.0689
12.8168,0.0689
12.8218,0.0694
12.8268,0.0693
12.8318,0.0696
12.8368,0.0698
12.8418,0.0699
12.8468,0.0702
12.8518,0.0701
12.8568,0.0705
12.8618,0.0705
12.8668,0.0705
12.8718,0.0708
12.8768,0.0706
12.8818,0.0707
12.8868,0.0709
12.8918,0.0710
12.8968,0.0712
12.9018,0.0710
12.9068,0.0715
12.9118,0.0715
12.9168,0.0715
12.9218,0.0718
12.9268,0.0719
12.9318,0.0719
12.9368,0.0722
12.9418,0.0723
12.9468,0.0725
12.9518,0.0722
12.9568,0.0726
12.9618,0.0725
12.9668,0.0723
12.9718,0.0730
12.9768,0.0729
12.9818,0.0729
12.9868,0.0728
12.9918,0.0729
12.9968,0.0731
13.0018,0.0727
13.0068,0.0732
13.0118,0.0732
13.0168,0.0732
13.0218,0.0732
13.0268,0.0732
13.0318,0.0732
13.0368,0.0732
13.0418,0.0732
13.0468,0.0734
13.0518,0.0732
13.0568,0.0735
13.0618,0.0732
13.0668,0.0732
13.0718,0.0732
13.0769,0.0732
13.0819,0.0735
13.0869,0.0735
13.0919,0.0736
13.0969,0.0735
13.1019,0.0732
13.1069,0.0735
13.1119,0.0734
13.1169,0.0732
13.1219,0.0738
13.1269,0.0732
13.1319,0.0732
13.1369,0.0732
13.1419,0.0732
13.1469,0.0734
13.1519,0.0732
13.1569,0.0736
13.1619,0.0732
13.1669,0.0732
13.1719,0.0732
13.1769,0.0732
13.1819,0.0729
13.1869,0.0729
13.1919,0.0729
13.1969,0.0729
13.2019,0.0729
13.2069,0.0729
13.2119,0.0729
13.2169,0.0725
13.2219,0.0727
13.2269,0.0725
13.2319,0.0722
13.2369,0.0722
13.2419,0.0722
13.2469,0.0722
13.2519,0.0719
13.2569,0.0721
13.2619,0.0719
13.2669,0.0715
13.2719,0.0718
13.2769,0.0715
13.2819,0.0713
13.2869,0.0714
13.2919,0.0712
13.2969,0.0712
13.3019,0.0706
13.3069,0.0708
13.3119,0.0706
13.3169,0.0703
13.3219,0.0705
13.3269,0.0703
13.3319,0.0699
13.3369,0.0699
13.3419,0.0697
13.3469,0.0696
13.3519,0.0693
13.3569,0.0696
13.3619,0.0692
13.3669,0.0689
13.3719,0.0689
13.3769,0.0686
13.3819,0.0682
13.3869,0.0681
13.3919,0.0680
13.3969,0.0679
13.4019,0.0676
13.4069,0.0676
13.4119,0.0673
13.4169,0.0668
13.4219,0.0669
13.4269,0.0666
13.4319,0.0663
13.4369,0.0663
13.4419,0.0661
13.4469,0.0657
13.4519,0.0653
13.4569,0.0653
13.4619,0.0651
13.4669,0.0649
13.4719,0.0649
13.4769,0.0643
13.4819,0.0641
13.4869,0.0640
13.4919,0.0637
13.4969,0.0636
13.5019,0.0630
13.5069,0.0630
13.5119,0.0627
13.5169,0.0623
13.5219,0.0623
13.5269,0.0620
13.5319,0.0614
13.5369,0.0613
13.5419,0.0611
13.5469,0.0607
13.5519,0.0604
13.5569,0.0604
13.5619,0.0600
13.5669,0.0594
13.5719,0.0595
13.5769,0.0592
13.5819,0.0588
13.5869,0.0587
13.5919,0.0584
13.5969,0.0581
13.6019,0.0577
13.6069,0.0574
13.6119,0.0571
13.6169,0.0566
13.6219,0.0564
13.6269,0.0564
13.6319,0.0559
13.6369,0.0558
13.6419,0.0555
13.6469,0.0550
13.6519,0.0548
13.6569,0.0548
13.6619,0.0541
13.6669,0.0538
13.6719,0.0535
13.6769,0.0532
13.6819,0.0529
13.6869,0.0528
13.6919,0.0524
13.6969,0.0521
13.7019,0.0518
13.7069,0.0515
13.7119,0.0513
13.7169,0.0509
13.7219,0.0505
13.7269,0.0502
13.7319,0.0498
13.7369,0.0495
13.7419,0.0494
13.7469,0.0487
13.7519,0.0485
13.7569,0.0485
13.7619,0.0479
13.7669,0.0476
13.7719,0.0475
13.7769,0.0469
13.7819,0.0469
13.7870,0.0466
13.7920,0.0463
13.7970,0.0456
13.8020,0.0453
13.8070,0.0450
13.8120,0.0446
13.8170,0.0443
13.8220,0.0442
13.8270,0.0439
13.8320,0.0436
13.8370,0.0433
13.8420,0.0430
13.8470,0.0426
13.8520,0.0423
13.8570,0.0423
13.8620,0.0417
13.8670,0.0413
13.8720,0.0413
13.8770,0.0410
13.8820,0.0406
13.8870,0.0403
13.8920,0.0400
13.8970,0.0397
13.9020,0.0390
13.9070,0.0390
13.9120,0.0390
13.9170,0.0384
13.9220,0.0382
13.9270,0.0380
13.9320,0.0376
13.9370,0.0371
13.9420,0.0368
13.9470,0.0364
13.9520,0.0361
13.9570,0.0360
13.9620,0.0357
13.9670,0.0354
13.9720,0.0351
13.9770,0.0347
13.9820,0.0344
13.9870,0.0341
13.9920,0.0341
13.9970,0.0337
14.0020,0.0334
14.0070,0.0331
14.0120,0.0328
14.0170,0.0325
14.0220,0.0322
14.0270,0.0320
14.0320,0.0317
14.0370,0.0314
14.0420,0.0311
14.0470,0.0308
14.0520,0.0305
14.0570,0.0304
14.0620,0.0301
14.0670,0.0298
14.0720,0.0295
14.0770,0.0294
14.0820,0.0289
14.0870,0.0285
14.0920,0.0283
14.0970,0.0279
14.1020,0.0278
14.1070,0.0275
14.1120,0.0272
14.1170,0.0269
14.1220,0.0268
14.1270,0.0265
14.1320,0.0263
14.1370,0.0259
14.1420,0.0258
14.1470,0.0255
14.1520,0.0253
14.1570,0.0252
14.1620,0.0248
14.1670,0.0245
14.1720,0.0242
14.1770,0.0239
14.1820,0.0239
14.1870,0.0236
14.1920,0.0233
14.1970,0.0232
14.2020,0.0229
14.2070,0.0226
14.2120,0.0223
14.2170,0.0222
14.2220,0.0219
14.2270,0.0216
14.2320,0.0214
14.2370,0.0212
14.2420,0.0212
14.2470,0.0207
14.2520,0.0206
14.2570,0.0203
14.2620,0.0202
14.2670,0.0199
14.2720,0.0199
14.2770,0.0196
14.2820,0.0193
14.2870,0.0193
14.2920,0.0189
14.2970,0.0189
14.3020,0.0186
14.3070,0.0183
14.3120,0.0180
14.3170,0.0179
14.3220,0.0176
14.3270,0.0176
14.3320,0.0173
14.3370,0.0173
14.3420,0.0171
14.3470,0.0170
14.3520,0.0166
14.3570,0.0163
14.3620,0.0163
14.3670,0.0160
14.3720,0.0159
14.3770,0.0154
14.3820,0.0153
14.3870,0.0153
14.3920,0.0150
14.3970,0.0150
14.4020,0.0147
14.4070,0.0147
14.4120,0.0147
14.4170,0.0143
14.4220,0.0140
14.4270,0.0140
14.4320,0.0137
14.4370,0.0137
14.4420,0.0135
14.4470,0.0133
14.4520,0.0133
14.4570,0.0131
14.4620,0.0127
14.4670,0.0127
14.4720,0.0127
14.4770,0.0124
14.4820,0.0122
14.4871,0.0120
14.4921,0.0120
14.4971,0.0120
14.5021,0.0117
14.5071,0.0115
14.5121,0.0114
14.5171,0.0114
14.5221,0.0112
14.5271,0.0110
14.5321,0.0110
14.5371,0.0107
14.5421,0.0107
14.5471,0.0105
14.5521,0.0104
14.5571,0.0101
14.5621,0.0101
14.5671,0.0101
14.5721,0.0099
14.5771,0.0097
14.5821,0.0097
14.5871,0.0097
14.5921,0.0094
14.5971,0.0094
14.6021,0.0094
14.6071,0.0091
14.6121,0.0091
14.6171,0.0088
14.6221,0.0087
14.6271,0.0087
14.6321,0.0087
14.6371,0.0084
14.6421,0.0084
14.6471,0.0082
14.6521,0.0081
14.6571,0.0081
14.6621,0.0081
14.6671,0.0081
14.6721,0.0078
14.6771,0.0075
14.6821,0.0074
14.6871,0.0074
14.6921,0.0074
14.6971,0.0074
14.7021,0.0071
14.7071,0.0071
14.7121,0.0071
14.7171,0.0071
14.7221,0.0071
14.7271,0.0068
14.7321,0.0068
14.7371,0.0068
14.7421,0.0065
14.7471,0.0064
14.7521,0.0064
14.7571,0.0064
14.7621,0.0064
14.7671,0.0062
14.7721,0.0061
14.7771,0.0061
14.7821,0.0061
14.7871,0.0060
14.7921,0.0058
14.7971,0.0058
14.8021,0.0058
14.8071,0.0058
14.8121,0.0058
14.8171,0.0055
14.8221,0.0054
14.8271,0.0054
14.8321,0.0054
14.8371,0.0054
14.8421,0.0051
14.8471,0.0051
14.8521,0.0049
14.8571,0.0048
14.8621,0.0048
14.8671,0.0048
14.8721,0.0048
14.8771,0.0048
14.8821,0.0048
14.8871,0.0048
14.8921,0.0048
14.8971,0.0048
14.9021,0.0045
14.9071,0.0046
14.9121,0.0045
14.9171,0.0045
14.9221,0.0045
14.9271,0.0045
14.9321,0.0045
14.9371,0.0045
14.9421,0.0044
14.9471,0.0042
14.9521,0.0041
14.9571,0.0041
14.9621,0.0041
14.9671,0.0041
14.9721,0.0041
14.9771,0.0041
14.9821,0.0041
14.9871,0.0041
14.9921,0.0041
14.9971,0.0041
15.0021,0.0038
15.0071,0.0038
15.0121,0.0038
15.0171,0.0038
15.0221,0.0038
15.0271,0.0038
15.0321,0.0038
15.0371,0.0036
15.0421,0.0035
15.0471,0.0035
15.0521,0.0035
15.0571,0.0035
15.0621,0.0035
15.0671,0.0035
15.0721,0.0035
15.0771,0.0035
15.0821,0.0035
15.0871,0.0035
15.0921,0.0032
15.0971,0.0031
15.1021,0.0031
15.1071,0.0031
15.1121,0.0031
15.1171,0.0031
15.1221,0.0031
15.1271,0.0031
15.1321,0.0031
15.1371,0.0031
15.1421,0.0031
15.1471,0.0031
15.1521,0.0031
15.1571,0.0031
15.1621,0.0031
15.1671,0.0030
15.1721,0.0028
15.1771,0.0028
15.1821,0.0028
15.1871,0.0028
15.1922,0.0028
15.1972,0.0028
15.2022,0.0028
15.2072,0.0028
15.2122,0.0028
15.2172,0.0028
15.2222,0.0028
15.2272,0.0028
15.2322,0.0028
15.2372,0.0028
15.2422,0.0028
15.2472,0.0028
15.2522,0.0028
15.2572,0.0028
15.2622,0.0028
15.2672,0.0028
15.2722,0.0028
15.2772,0.0028
15.2822,0.0025
15.2872,0.0026
15.2922,0.0025
15.2972,0.0025
15.3022,0.0028
15.3072,0.0028
15.3122,0.0025
15.3172,0.0025
15.3222,0.0025
15.3272,0.0025
15.3322,0.0025
15.3372,0.0025
15.3422,0.0022
15.3472,0.0022
15.3522,0.0022
15.3572,0.0022
15.3622,0.0022
15.3672,0.0022
15.3722,0.0022
15.3772,0.0022
15.3822,0.0022
15.3872,0.0022
15.3922,0.0022
15.3972,0.0022
15.4022,0.0022
15.4072,0.0022
15.4122,0.0022
15.4172,0.0022
15.4222,0.0022
15.4272,0.0022
15.4322,0.0022
15.4372,0.0022
15.4422,0.0022
15.4472,0.0022
15.4522,0.0022
15.4572,0.0022
15.4622,0.0022
15.4672,0.0022
15.4722,0.0022
15.4772,0.0022
15.4822,0.0022
15.4872,0.0022
15.4922,0.0022
15.4972,0.0022
15.5022,0.0022
15.5072,0.0022
15.5122,0.0022
15.5172,0.0022
15.5222,0.0022
15.5272,0.0022
15.5322,0.0022
15.5372,0.0022
15.5422,0.0022
15.5472,0.0022
15.5522,0.0022
15.5572,0.0022
15.5622,0.0022
15.5672,0.0022
15.5722,0.0022
15.5772,0.0022
15.5822,0.0022
15.5872,0.0022
15.5922,0.0022
15.5972,0.0022
15.6022,0.0022
15.6072,0.0022
15.6122,0.0022
15.6172,0.0022
15.6222,0.0022
15.6272,0.0018
15.6322,0.0018
15.6372,0.0018
15.6422,0.0022
15.6472,0.0022
15.6522,0.0022
15.6572,0.0022
15.6622,0.0022
15.6672,0.0022
15.6722,0.0022
15.6772,0.0019
15.6822,0.0019
15.6872,0.0018
15.6922,0.0018
15.6972,0.0018
15.7022,0.0018
15.7072,0.0018
15.7122,0.0018
15.7172,0.0022
15.7222,0.0022
15.7272,0.0022
15.7322,0.0022
15.7372,0.0022
15.7422,0.0022
15.7472,0.0018
15.7522,0.0018
15.7572,0.0018
15.7622,0.0018
15.7672,0.0018
15.7722,0.0021
15.7772,0.0022
15.7822,0.0022
15.7872,0.0022
15.7922,0.0020
15.7972,0.0019
15.8022,0.0018
15.8072,0.0021
15.8122,0.0019
15.8172,0.0018
15.8222,0.0018
15.8272,0.0018
15.8322,0.0018
15.8372,0.0018
15.8422,0.0018
15.8472,0.0018
15.8522,0.0018
15.8572,0.0018
15.8622,0.0018
15.8672,0.0018
15.8722,0.0018
15.8772,0.0018
15.8822,0.0018
15.8872,0.0018
15.8922,0.0018
15.8972,0.0018
15.9023,0.0018
15.9073,0.0018
15.9123,0.0018
15.9173,0.0021
15.9223,0.0018
15.9273,0.0022
15.9323,0.0020
15.9373,0.0018
15.9423,0.0018
15.9473,0.0018
15.9523,0.0018
15.9573,0.0018
15.9623,0.0018
15.9673,0.0018
15.9723,0.0018
15.9773,0.0018
15.9823,0.0018
15.9873,0.0018
15.9923,0.0018
15.9973,0.0018
16.0023,0.0018
16.0073,0.0018
16.0123,0.0018
16.0173,0.0018
16.0223,0.0018
16.0273,0.0018
16.0323,0.0018
16.0373,0.0018
16.0423,0.0018
16.0473,0.0018
16.0523,0.0018
16.0573,0.0018
16.0623,0.0018
16.0673,0.0018
16.0723,0.0018
16.0773,0.0018
16.0823,0.0018
16.0873,0.0018
16.0923,0.0018
16.0973,0.0018
16.1023,0.0018
16.1073,0.0018
16.1123,0.0018
16.1173,0.0018
16.1223,0.0018
16.1273,0.0018
16.1323,0.0018
16.1373,0.0018
16.1423,0.0018
16.1473,0.0018
16.1523,0.0018
16.1573,0.0018
16.1623,0.0018
16.1673,0.0018
16.1723,0.0018
16.1773,0.0018
16.1823,0.0018
16.1873,0.0018
16.1923,0.0018
16.1973,0.0018
16.2023,0.0018
16.2073,0.0018
16.2123,0.0018
16.2173,0.0018
16.2223,0.0018
16.2273,0.0018
16.2323,0.0018
16.2373,0.0018
16.2423,0.0018
16.2473,0.0018
16.2523,0.0018
16.2573,0.0018
16.2623,0.0018
16.2673,0.0018
16.2723,0.0018
16.2773,0.0018
16.2823,0.0018
16.2873,0.0018
16.2923,0.0018
16.2973,0.0018
16.3023,0.0018
16.3073,0.0018
16.3123,0.0018
16.3173,0.0018
16.3223,0.0018
16.3273,0.0018
16.3323,0.0018
16.3373,0.0018
16.3423,0.0018
16.3473,0.0018
16.3523,0.0018
16.3573,0.0018
16.3623,0.0018
16.3673,0.0018
16.3723,0.0018
16.3773,0.0018
16.3823,0.0018
16.3873,0.0018
16.3923,0.0018
16.3973,0.0018
16.4023,0.0018
16.4073,0.0018
16.4123,0.0018
16.4173,0.0018
16.4223,0.0018
16.4273,0.0018
16.4323,0.0018
16.4373,0.0018
16.4423,0.0018
16.4473,0.0018
16.4523,0.0018
16.4573,0.0018
16.4623,0.0018
16.4673,0.0018
16.4723,0.0018
16.4773,0.0018
16.4823,0.0018
16.4873,0.0018
16.4923,0.0018
16.4973,0.0018
16.5023,0.0018
16.5073,0.0018
16.5123,0.0018
16.5173,0.0018
16.5223,0.0019
16.5273,0.0018
16.5323,0.0018
16.5373,0.0018
16.5423,0.0018
16.5473,0.0018
16.5523,0.0018
16.5573,0.0018
16.5623,0.0018
16.5673,0.0018
16.5723,0.0018
16.5773,0.0018
16.5823,0.0018
16.5873,0.0018
16.5923,0.0018
16.5973,0.0022
16.6024,0.0022
16.6073,0.0020
16.6124,0.0018
16.6174,0.0018
16.6224,0.0018
16.6274,0.0018
16.6324,0.0021
16.6374,0.0018
16.6424,0.0018
16.6474,0.0018
16.6524,0.0018
16.6574,0.0020
16.6624,0.0022
16.6674,0.0020
16.6724,0.0018
16.6774,0.0018
16.6824,0.0018
16.6874,0.0021
16.6924,0.0018
16.6974,0.0018
16.7024,0.0018
16.7074,0.0018
16.7124,0.0022
16.7174,0.0022
16.7224,0.0022
16.7274,0.0022
16.7324,0.0022
16.7374,0.0022
16.7424,0.0022
16.7474,0.0022
16.7524,0.0022
16.7574,0.0018
16.7624,0.0018
16.7674,0.0018
16.7724,0.0020
16.7774,0.0022
16.7824,0.0022
16.7874,0.0022
16.7924,0.0022
16.7974,0.0019
16.8024,0.0022
16.8074,0.0021
16.8124,0.0020
16.8174,0.0022
16.8224,0.0022
16.8274,0.0022
16.8324,0.0022
16.8374,0.0022
16.8424,0.0022
16.8474,0.0022
16.8524,0.0022
16.8574,0.0022
16.8624,0.0022
16.8674,0.0022
16.8724,0.0022
16.8774,0.0022
16.8824,0.0022
16.8874,0.0022
16.8924,0.0022
16.8974,0.0022
16.9024,0.0022
16.9074,0.0022
16.9124,0.0022
16.9174,0.0022
16.9224,0.0022
16.9274,0.0022
16.9324,0.0022
16.9374,0.0022
16.9424,0.0022
16.9474,0.0022
16.9524,0.0022
16.9574,0.0022
16.9624,0.0022
16.9674,0.0022
16.9724,0.0022
16.9774,0.0022
16.9824,0.0022
16.9874,0.0022
16.9924,0.0022
16.9974,0.0022
17.0024,0.0022
17.0074,0.0022
17.0124,0.0022
17.0174,0.0022
17.0224,0.0022
17.0274,0.0022
17.0324,0.0022
17.0374,0.0022
17.0424,0.0022
17.0474,0.0022
17.0524,0.0022
17.0574,0.0022
17.0624,0.0022
17.0674,0.0022
17.0724,0.0022
17.0774,0.0022
17.0824,0.0022
17.0874,0.0022
17.0924,0.0022
17.0974,0.0022
17.1024,0.0022
17.1074,0.0023
17.1124,0.0022
17.1174,0.0025
17.1224,0.0025
17.1274,0.0025
17.1324,0.0025
17.1374,0.0025
17.1424,0.0025
17.1474,0.0025
17.1524,0.0025
17.1574,0.0025
17.1624,0.0024
17.1674,0.0025
17.1724,0.0025
17.1774,0.0025
17.1824,0.0025
17.1874,0.0025
17.1924,0.0025
17.1974,0.0025
17.2024,0.0025
17.2074,0.0025
17.2124,0.0025
17.2174,0.0025
17.2224,0.0025
17.2274,0.0025
17.2324,0.0027
17.2374,0.0028
17.2424,0.0028
17.2474,0.0028
17.2524,0.0028
17.2574,0.0028
17.2624,0.0028
17.2674,0.0028
17.2724,0.0028
17.2774,0.0028
17.2824,0.0028
17.2874,0.0028
17.2924,0.0028
17.2974,0.0028
17.3024,0.0028
17.3074,0.0028
17.3125,0.0029
17.3175,0.0028
17.3225,0.0028
17.3275,0.0028
17.3325,0.0028
17.3375,0.0028
17.3425,0.0031
17.3475,0.0031
17.3525,0.0031
17.3575,0.0031
17.3625,0.0031
17.3675,0.0031
17.3725,0.0031
17.3775,0.0031
17.3825,0.0031
17.3875,0.0031
17.3925,0.0031
17.3975,0.0031
17.4025,0.0031
17.4075,0.0031
17.4125,0.0031
17.4175,0.0031
17.4225,0.0034
17.4275,0.0035
17.4325,0.0035
17.4375,0.0035
17.4425,0.0035
17.4475,0.0035
17.4525,0.0035
17.4575,0.0035
17.4625,0.0035
17.4675,0.0035
17.4725,0.0035
17.4775,0.0035
17.4825,0.0035
17.4875,0.0035
17.4925,0.0035
17.4975,0.0035
17.5025,0.0035
17.5075,0.0037
17.5125,0.0038
17.5175,0.0038
17.5225,0.0038
17.5275,0.0038
17.5325,0.0038
17.5375,0.0038
17.5425,0.0038
17.5475,0.0038
17.5525,0.0038
17.5575,0.0038
17.5625,0.0038
17.5675,0.0038
17.5725,0.0038
17.5775,0.0038
17.5825,0.0039
17.5875,0.0041
17.5925,0.0039
17.5975,0.0041
17.6025,0.0041
17.6075,0.0041
17.6125,0.0041
17.6175,0.0041
17.6225,0.0041
17.6275,0.0041
17.6325,0.0041
17.6375,0.0041
17.6425,0.0041
17.6475,0.0043
17.6525,0.0045
17.6575,0.0045
17.6625,0.0045
17.6675,0.0045
17.6725,0.0045
17.6775,0.0045
17.6825,0.0045
17.6875,0.0045
17.6925,0.0045
17.6975,0.0045
17.7025,0.0045
17.7075,0.0045
17.7125,0.0045
17.7175,0.0045
17.7225,0.0048
17.7275,0.0048
17.7325,0.0048
17.7375,0.0048
17.7425,0.0048
17.7475,0.0048
17.7525,0.0048
17.7575,0.0048
17.7625,0.0048
17.7675,0.0048
17.7725,0.0048
17.7775,0.0048
17.7825,0.0048
17.7875,0.0048
17.7925,0.0048
17.7975,0.0048
17.8025,0.0051
17.8075,0.0051
17.8125,0.0051
17.8175,0.0051
17.8225,0.0054
17.8275,0.0054
17.8325,0.0054
17.8375,0.0054
17.8425,0.0054
17.8475,0.0054
17.8525,0.0054
17.8575,0.0057
17.8625,0.0058
17.8675,0.0057
17.8725,0.0058
17.8775,0.0058
17.8825,0.0058
17.8875,0.0058
17.8925,0.0058
17.8975,0.0058
17.9025,0.0058
17.9075,0.0061
17.9125,0.0061
17.9175,0.0061
17.9225,0.0061
17.9275,0.0061
17.9325,0.0061
17.9375,0.0061
17.9425,0.0062
17.9475,0.0064
17.9525,0.0064
17.9575,0.0064
17.9625,0.0064
17.9675,0.0064
17.9725,0.0064
17.9775,0.0064
17.9825,0.0064
17.9875,0.0065
17.9925,0.0068
17.9975,0.0068
18.0025,0.0068
18.0075,0.0068
18.0125,0.0068
18.0175,0.0068
18.0226,0.0068
18.0276,0.0071
18.0326,0.0071
18.0376,0.0071
18.0426,0.0071
18.0476,0.0071
18.0526,0.0071
18.0576,0.0071
18.0626,0.0071
18.0676,0.0071
18.0726,0.0072
18.0776,0.0074
18.0826,0.0074
18.0876,0.0074
18.0926,0.0074
18.0976,0.0074
18.1026,0.0074
18.1076,0.0077
18.1126,0.0077
18.1176,0.0077
18.1226,0.0077
18.1276,0.0077
18.1326,0.0081
18.1376,0.0081
18.1426,0.0081
18.1476,0.0081
18.1526,0.0081
18.1576,0.0084
18.1626,0.0082
18.1676,0.0084
18.1726,0.0084
18.1776,0.0084
18.1826,0.0084
18.1876,0.0084
18.1926,0.0087
18.1976,0.0087
18.2026,0.0087
18.2076,0.0087
18.2126,0.0088
18.2176,0.0087
18.2226,0.0091
18.2276,0.0091
18.2326,0.0091
18.2376,0.0091
18.2426,0.0091
18.2476,0.0094
18.2526,0.0094
18.2576,0.0094
18.2626,0.0094
18.2676,0.0095
18.2726,0.0097
18.2776,0.0097
18.2826,0.0097
18.2876,0.0097
18.2926,0.0097
18.2976,0.0100
18.3026,0.0101
18.3076,0.0101
18.3126,0.0101
18.3176,0.0101
18.3226,0.0101
18.3276,0.0101
18.3326,0.0101
18.3376,0.0104
18.3426,0.0107
18.3476,0.0107
18.3526,0.0107
18.3576,0.0107
18.3626,0.0107
18.3676,0.0107
18.3726,0.0110
18.3776,0.0110
18.3826,0.0110
18.3876,0.0111
18.3926,0.0114
18.3976,0.0114
18.4026,0.0114
18.4076,0.0117
18.4126,0.0117
18.4176,0.0117
18.4226,0.0117
18.4276,0.0117
18.4326,0.0120
18.4376,0.0120
18.4426,0.0120
18.4476,0.0120
18.4526,0.0120
18.4576,0.0124
18.4626,0.0124
18.4676,0.0124
18.4726,0.0124
18.4776,0.0124
18.4826,0.0124
18.4876,0.0127
18.4926,0.0127
18.4976,0.0127
18.5026,0.0127
18.5076,0.0130
18.5126,0.0130
18.5176,0.0131
18.5226,0.0133
18.5276,0.0133
18.5326,0.0135
18.5376,0.0137
18.5426,0.0137
18.5476,0.0137
18.5526,0.0137
18.5576,0.0140
18.5626,0.0140
18.5676,0.0140
18.5726,0.0143
18.5776,0.0143
18.5826,0.0143
18.5876,0.0143
18.5926,0.0147
18.5976,0.0147
18.6026,0.0147
18.6076,0.0150
18.6126,0.0150
18.6176,0.0150
18.6226,0.0153
18.6276,0.0153
18.6326,0.0153
18.6376,0.0153
18.6426,0.0156
18.6476,0.0156
18.6526,0.0156
18.6576,0.0159
18.6626,0.0158
18.6676,0.0160
18.6726,0.0160
18.6776,0.0160
18.6826,0.0163
18.6876,0.0163
18.6926,0.0163
18.6976,0.0167
18.7026,0.0170
18.7076,0.0170
18.7126,0.0170
18.7176,0.0170
18.7226,0.0173
18.7276,0.0173
18.7327,0.0173
18.7377,0.0174
18.7427,0.0176
18.7477,0.0176
18.7527,0.0179
18.7577,0.0179
18.7627,0.0180
18.7677,0.0182
18.7727,0.0183
18.7777,0.0186
18.7827,0.0186
18.7877,0.0186
18.7927,0.0186
18.7977,0.0189
18.8027,0.0189
18.8077,0.0189
18.8127,0.0192
18.8177,0.0193
18.8227,0.0195
18.8277,0.0196
18.8327,0.0196
18.8377,0.0199
18.8427,0.0199
18.8477,0.0202
18.8527,0.0202
18.8577,0.0202
18.8627,0.0203
18.8677,0.0206
18.8727,0.0206
18.8777,0.0206
18.8827,0.0206
18.8877,0.0208
18.8927,0.0209
18.8977,0.0212
18.9027,0.0212
18.9077,0.0216
18.9127,0.0216
18.9177,0.0219
18.9227,0.0219
18.9277,0.0219
18.9327,0.0222
18.9377,0.0222
18.9427,0.0222
18.9477,0.0225
18.9527,0.0225
18.9577,0.0225
18.9627,0.0228
18.9677,0.0229
18.9727,0.0232
18.9777,0.0232
18.9827,0.0233
18.9877,0.0235
18.9927,0.0235
18.9977,0.0239
19.0027,0.0239
19.0077,0.0242
19.0127,0.0242
19.0177,0.0242
19.0227,0.0245
19.0277,0.0245
19.0327,0.0248
19.0377,0.0248
19.0427,0.0248
19.0477,0.0251
19.0527,0.0254
19.0577,0.0255
19.0627,0.0255
19.0677,0.0255
19.0727,0.0258
19.0777,0.0258
19.0827,0.0258
19.0877,0.0261
19.0927,0.0265
19.0977,0.0265
19.1027,0.0265
19.1077,0.0268
19.1127,0.0271
19.1177,0.0271
19.1227,0.0271
19.1277,0.0274
19.1327,0.0275
19.1377,0.0277
19.1427,0.0278
19.1477,0.0278
19.1527,0.0281
19.1577,0.0281
19.1627,0.0282
19.1677,0.0285
19.1727,0.0285
19.1777,0.0285
19.1827,0.0288
19.1877,0.0291
19.1927,0.0291
19.1977,0.0294
19.2027,0.0294
19.2077,0.0294
19.2127,0.0297
19.2177,0.0298
19.2227,0.0301
19.2277,0.0301
19.2327,0.0301
19.2377,0.0304
19.2427,0.0304
19.2477,0.0305
19.2527,0.0308
19.2577,0.0308
19.2627,0.0311
19.2677,0.0311
19.2727,0.0313
19.2777,0.0314
19.2827,0.0315
19.2877,0.0317
19.2927,0.0318
19.2977,0.0321
19.3027,0.0321
19.3077,0.0324
19.3127,0.0324
19.3177,0.0326
19.3227,0.0329
19.3277,0.0329
19.3327,0.0331
19.3377,0.0333
19.3427,0.0334
19.3477,0.0334
19.3527,0.0334
19.3577,0.0337
19.3627,0.0337
19.3677,0.0337
19.3727,0.0340
19.3777,0.0341
19.3827,0.0344
19.3877,0.0344
19.3927,0.0345
19.3977,0.0347
19.4027,0.0347
19.4077,0.0350
19.4127,0.0350
19.4177,0.0351
19.4227,0.0354
19.4277,0.0354
19.4328,0.0357
19.4377,0.0357
19.4428,0.0357
19.4478,0.0360
19.4528,0.0360
19.4578,0.0360
19.4628,0.0363
19.4678,0.0364
19.4728,0.0364
19.4778,0.0366
19.4828,0.0367
19.4878,0.0370
19.4928,0.0370
19.4978,0.0373
19.5028,0.0373
19.5078,0.0373
19.5128,0.0374
19.5178,0.0376
19.5228,0.0379
19.5278,0.0380
19.5328,0.0380
19.5378,0.0380
19.5428,0.0383
19.5478,0.0383
19.5528,0.0383
19.5578,0.0386
19.5628,0.0387
19.5678,0.0387
19.5728,0.0390
19.5778,0.0390
19.5828,0.0390
19.5878,0.0390
19.5928,0.0390
19.5978,0.0396
19.6028,0.0396
19.6078,0.0397
19.6128,0.0397
19.6178,0.0397
19.6228,0.0400
19.6278,0.0400
19.6328,0.0400
19.6378,0.0402
19.6428,0.0403
19.6478,0.0403
19.6528,0.0403
19.6578,0.0406
19.6628,0.0406
19.6678,0.0406
19.6728,0.0406
19.6778,0.0406
19.6828,0.0406
19.6878,0.0409
19.6928,0.0410
19.6978,0.0411
19.7028,0.0411
19.7078,0.0413
19.7128,0.0413
19.7178,0.0413
19.7228,0.0416
19.7278,0.0416
19.7328,0.0416
19.7378,0.0416
19.7428,0.0416
19.7478,0.0416
19.7528,0.0416
19.7578,0.0418
19.7628,0.0417
19.7678,0.0416
19.7728,0.0419
19.7778,0.0419
19.7828,0.0419
19.7878,0.0420
19.7928,0.0420
19.7978,0.0423
19.8028,0.0423
19.8078,0.0423
19.8128,0.0423
19.8178,0.0423
19.8228,0.0426
19.8278,0.0426
19.8328,0.0426
19.8378,0.0426
19.8428,0.0426
19.8478,0.0426
19.8528,0.0426
19.8578,0.0426
19.8628,0.0426
19.8678,0.0426
19.8728,0.0429
19.8778,0.0428
19.8828,0.0427
19.8878,0.0429
19.8928,0.0429
19.8978,0.0429
19.9028,0.0429
19.9078,0.0432
19.9128,0.0432
19.9178,0.0430
19.9228,0.0433
19.9278,0.0432
19.9328,0.0429
19.9378,0.0432
19.9428,0.0431
19.9478,0.0431
19.9528,0.0431
19.9578,0.0433
19.9628,0.0432
19.9678,0.0429
19.9728,0.0432
19.9778,0.0429
19.9828,0.0429
19.9878,0.0431
19.9928,0.0431
19.9978,0.0433
20.0028,0.0430
20.0078,0.0433
20.0128,0.0429
20.0178,0.0429
20.0228,0.0431
20.0278,0.0429
20.0328,0.0428
20.0378,0.0429
20.0428,0.0429
20.0478,0.0429
20.0528,0.0426
20.0578,0.0429
20.0628,0.0426
20.0678,0.0426
20.0728,0.0429
20.0778,0.0426
20.0828,0.0426
20.0878,0.0426
20.0928,0.0426
20.0978,0.0426
20.1028,0.0423
20.1078,0.0425
20.1128,0.0423
20.1178,0.0423
20.1228,0.0423
20.1278,0.0423
20.1328,0.0422
20.1378,0.0422
20.1429,0.0421
20.1479,0.0419
20.1529,0.0419
20.1579,0.0419
20.1629,0.0416
20.1679,0.0416
20.1729,0.0416
20.1779,0.0416
20.1829,0.0416
20.1879,0.0416
20.1929,0.0414
20.1979,0.0413
20.2029,0.0413
20.2079,0.0413
20.2129,0.0413
20.2179,0.0410
20.2229,0.0410
20.2279,0.0410
20.2329,0.0408
20.2379,0.0409
20.2429,0.0407
20.2479,0.0406
20.2529,0.0406
20.2579,0.0406
20.2629,0.0406
20.2679,0.0403
20.2729,0.0403
20.2779,0.0400
20.2829,0.0400
20.2879,0.0402
20.2929,0.0400
20.2979,0.0399
20.3029,0.0396
20.3079,0.0397
20.3129,0.0396
20.3179,0.0393
20.3229,0.0393
20.3279,0.0390
20.3329,0.0390
20.3379,0.0390
20.3429,0.0390
20.3479,0.0389
20.3529,0.0387
20.3579,0.0387
20.3629,0.0387
20.3679,0.0383
20.3729,0.0383
20.3779,0.0381
20.3829,0.0380
20.3879,0.0380
20.3929,0.0378
20.3979,0.0377
20.4029,0.0377
20.4079,0.0377
20.4129,0.0373
20.4179,0.0373
20.4229,0.0373
20.4279,0.0370
20.4329,0.0369
20.4379,0.0367
20.4429,0.0365
20.4479,0.0364
20.4529,0.0364
20.4579,0.0364
20.4629,0.0364
20.4679,0.0360
20.4729,0.0360
20.4779,0.0358
20.4829,0.0357
20.4879,0.0357
20.4929,0.0354
20.4979,0.0354
20.5029,0.0350
20.5079,0.0350
20.5129,0.0347
20.5179,0.0346
20.5229,0.0344
20.5279,0.0344
20.5329,0.0342
20.5379,0.0341
20.5429,0.0341
20.5479,0.0338
20.5529,0.0337
20.5579,0.0337
20.5629,0.0337
20.5679,0.0334
20.5729,0.0334
20.5779,0.0331
20.5829,0.0330
20.5879,0.0328
20.5929,0.0327
20.5979,0.0327
20.6029,0.0324
20.6079,0.0324
20.6129,0.0321
20.6179,0.0318
20.6229,0.0318
20.6279,0.0318
20.6329,0.0315
20.6379,0.0314
20.6429,0.0311
20.6479,0.0311
20.6529,0.0311
20.6579,0.0309
20.6629,0.0307
20.6679,0.0304
20.6729,0.0304
20.6779,0.0304
20.6829,0.0301
20.6879,0.0301
20.6929,0.0298
20.6979,0.0298
20.7029,0.0295
20.7079,0.0294
20.7129,0.0291
20.7179,0.0289
20.7229,0.0288
20.7279,0.0285
20.7329,0.0285
20.7379,0.0281
20.7429,0.0281
20.7479,0.0281
20.7529,0.0278
20.7579,0.0278
20.7629,0.0275
20.7679,0.0275
20.7729,0.0274
20.7779,0.0271
20.7829,0.0268
20.7879,0.0268
20.7929,0.0266
20.7979,0.0265
20.8029,0.0262
20.8079,0.0262
20.8129,0.0258
20.8179,0.0258
20.8229,0.0258
20.8279,0.0255
20.8329,0.0255
20.8379,0.0252
20.8429,0.0252
20.8479,0.0249
20.8530,0.0248
20.8580,0.0248
20.8630,0.0245
20.8680,0.0245
20.8730,0.0242
20.8780,0.0239
20.8830,0.0239
20.8880,0.0239
20.8930,0.0236
20.8980,0.0232
20.9030,0.0232
20.9080,0.0232
20.9130,0.0229
20.9180,0.0227
20.9230,0.0225
20.9280,0.0225
20.9330,0.0222
20.9380,0.0222
20.9430,0.0219
20.9480,0.0219
20.9530,0.0219
20.9580,0.0216
20.9630,0.0216
20.9680,0.0212
20.9730,0.0212
20.9780,0.0211
20.9830,0.0206
20.9880,0.0206
20.9930,0.0206
20.9980,0.0203
21.0030,0.0202
21.0080,0.0202
21.0130,0.0199
21.0180,0.0196
21.0230,0.0196
21.0280,0.0193
21.0330,0.0193
21.0380,0.0193
21.0430,0.0189
21.0480,0.0189
21.0530,0.0186
21.0580,0.0185
21.0630,0.0181
21.0680,0.0179
21.0730,0.0179
21.0780,0.0179
21.0830,0.0176
21.0880,0.0176
21.0930,0.0176
21.0980,0.0173
21.1030,0.0173
21.1080,0.0173
21.1130,0.0170
21.1180,0.0167
21.1230,0.0166
21.1280,0.0164
21.1330,0.0163
21.1380,0.0163
21.1430,0.0160
21.1480,0.0160
21.1530,0.0157
21.1580,0.0156
21.1630,0.0153
21.1680,0.0153
21.1730,0.0153
21.1780,0.0150
21.1830,0.0150
21.1880,0.0150
21.1930,0.0147
21.1980,0.0147
21.2030,0.0144
21.2080,0.0143
21.2130,0.0140
21.2180,0.0138
21.2230,0.0138
21.2280,0.0137
21.2330,0.0137
21.2380,0.0137
21.2430,0.0134
21.2480,0.0133
21.2530,0.0132
21.2580,0.0130
21.2630,0.0127
21.2680,0.0127
21.2730,0.0127
21.2780,0.0125
21.2830,0.0124
21.2880,0.0124
21.2930,0.0124
21.2980,0.0120
21.3030,0.0120
21.3080,0.0120
21.3130,0.0117
21.3180,0.0117
21.3230,0.0114
21.3280,0.0114
21.3330,0.0114
21.3380,0.0111
21.3430,0.0110
21.3480,0.0110
21.3530,0.0107
21.3580,0.0107
21.3630,0.0106
21.3680,0.0104
21.3730,0.0104
21.3780,0.0101
21.3830,0.0101
21.3880,0.0101
21.3930,0.0101
21.3980,0.0101
21.4030,0.0097
21.4080,0.0097
21.4130,0.0097
21.4180,0.0094
21.4230,0.0094
21.4280,0.0094
21.4330,0.0092
21.4380,0.0091
21.4430,0.0091
21.4480,0.0091
21.4530,0.0090
21.4580,0.0087
21.4630,0.0087
21.4680,0.0087
21.4730,0.0085
21.4780,0.0084
21.4830,0.0084
21.4880,0.0084
21.4930,0.0081
21.4980,0.0081
21.5030,0.0081
21.5080,0.0078
21.5130,0.0074
21.5180,0.0074
21.5230,0.0074
21.5280,0.0074
21.5330,0.0074
21.5380,0.0074
21.5430,0.0074
21.5480,0.0074
21.5530,0.0074
21.5581,0.0071
21.5631,0.0071
21.5681,0.0071
21.5731,0.0070
21.5781,0.0068
21.5831,0.0068
21.5881,0.0068
21.5931,0.0068
21.5981,0.0068
21.6031,0.0067
21.6081,0.0064
21.6131,0.0064
21.6181,0.0064
21.6231,0.0064
21.6281,0.0064
21.6331,0.0064
21.6381,0.0061
21.6431,0.0061
21.6481,0.0061
21.6531,0.0061
21.6581,0.0059
21.6631,0.0058
21.6681,0.0058
21.6731,0.0055
21.6781,0.0054
21.6831,0.0054
21.6881,0.0054
21.6931,0.0054
21.6981,0.0054
21.7031,0.0054
21.7081,0.0054
21.7131,0.0054
21.7181,0.0052
21.7231,0.0051
21.7281,0.0049
21.7331,0.0048
21.7381,0.0048
21.7431,0.0048
21.7481,0.0048
21.7531,0.0048
21.7581,0.0048
21.7631,0.0048
21.7681,0.0048
21.7731,0.0048
21.7781,0.0048
21.7831,0.0048
21.7881,0.0048
21.7931,0.0046
21.7981,0.0045
21.8031,0.0045
21.8081,0.0045
21.8131,0.0045
21.8181,0.0045
21.8231,0.0045
21.8281,0.0045
21.8331,0.0041
21.8381,0.0041
21.8431,0.0041
21.8481,0.0041
21.8531,0.0041
21.8581,0.0041
21.8631,0.0041
21.8681,0.0041
21.8731,0.0041
21.8781,0.0041
21.8831,0.0039
21.8881,0.0039
21.8931,0.0038
21.8981,0.0038
21.9031,0.0038
21.9081,0.0038
21.9131,0.0038
21.9181,0.0038
21.9231,0.0038
21.9281,0.0036
21.9331,0.0035
21.9381,0.0035
21.9431,0.0035
21.9481,0.0035
21.9531,0.0035
21.9581,0.0035
21.9631,0.0035
21.9681,0.0035
21.9731,0.0035
21.9781,0.0035
21.9831,0.0035
21.9881,0.0035
21.9931,0.0033
21.9981,0.0031
22.0031,0.0031
22.0081,0.0031
22.0131,0.0031
22.0181,0.0031
22.0231,0.0031
22.0281,0.0031
22.0331,0.0031
22.0381,0.0031
22.0431,0.0028
22.0481,0.0028
22.0531,0.0029
22.0581,0.0031
22.0631,0.0030
22.0681,0.0031
22.0731,0.0029
22.0781,0.0028
22.0831,0.0028
22.0881,0.0028
22.0931,0.0028
22.0981,0.0028
22.1031,0.0028
22.1081,0.0028
22.1131,0.0028
22.1181,0.0028
22.1231,0.0028
22.1281,0.0028
22.1331,0.0028
22.1381,0.0028
22.1431,0.0028
22.1481,0.0028
22.1531,0.0027
22.1581,0.0025
22.1631,0.0025
22.1681,0.0025
22.1731,0.0025
22.1781,0.0027
22.1831,0.0028
22.1881,0.0025
22.1931,0.0025
22.1981,0.0025
22.2031,0.0025
22.2081,0.0025
22.2131,0.0025
22.2181,0.0025
22.2231,0.0025
22.2281,0.0025
22.2331,0.0025
22.2381,0.0025
22.2431,0.0022
22.2481,0.0022
22.2531,0.0022
22.2582,0.0022
22.2632,0.0022
22.2682,0.0022
22.2732,0.0022
22.2782,0.0024
22.2832,0.0025
22.2882,0.0023
22.2932,0.0022
22.2982,0.0022
22.3032,0.0022
22.3082,0.0022
22.3132,0.0022
22.3182,0.0022
22.3232,0.0022
22.3282,0.0022
22.3332,0.0022
22.3382,0.0022
22.3432,0.0022
22.3482,0.0022
22.3532,0.0022
22.3582,0.0022
22.3632,0.0022
22.3682,0.0022
22.3732,0.0022
22.3782,0.0022
22.3832,0.0022
22.3882,0.0022
22.3932,0.0022
22.3982,0.0022
22.4032,0.0022
22.4082,0.0022
22.4132,0.0022
22.4182,0.0022
22.4232,0.0022
22.4282,0.0022
22.4332,0.0022
22.4382,0.0022
22.4432,0.0022
22.4482,0.0022
22.4532,0.0022
22.4582,0.0022
22.4632,0.0022
22.4682,0.0022
22.4732,0.0022
22.4782,0.0022
22.4832,0.0022
22.4882,0.0022
22.4932,0.0022
22.4982,0.0022
22.5032,0.0018
22.5082,0.0021
22.5132,0.0022
22.5182,0.0022
22.5232,0.0022
22.5282,0.0022
22.5332,0.0022
22.5382,0.0022
22.5432,0.0022
22.5482,0.0022
22.5532,0.0022
22.5582,0.0022
22.5632,0.0022
22.5682,0.0022
22.5732,0.0022
22.5782,0.0022
22.5832,0.0022
22.5882,0.0022
22.5932,0.0022
22.5982,0.0022
22.6032,0.0022
22.6082,0.0022
22.6132,0.0022
22.6182,0.0022
22.6232,0.0021
22.6282,0.0018
22.6332,0.0018
22.6382,0.0018
22.6432,0.0018
22.6482,0.0018
22.6532,0.0018
22.6582,0.0018
22.6632,0.0018
22.6682,0.0018
22.6732,0.0018
22.6782,0.0018
22.6832,0.0018
22.6882,0.0018
22.6932,0.0018
22.6982,0.0021
22.7032,0.0019
22.7082,0.0018
22.7132,0.0018
22.7182,0.0018
22.7232,0.0018
22.7282,0.0018
22.7332,0.0018
22.7382,0.0018
22.7432,0.0018
22.7482,0.0018
22.7532,0.0018
22.7582,0.0018
22.7632,0.0018
22.7682,0.0018
22.7732,0.0018
22.7782,0.0018
22.7832,0.0018
22.7882,0.0018
22.7932,0.0018
22.7982,0.0018
22.8032,0.0018
22.8082,0.0018
22.8132,0.0018
22.8182,0.0018
22.8232,0.0018
22.8282,0.0018
22.8332,0.0018
22.8382,0.0018
22.8432,0.0018
22.8482,0.0018
22.8532,0.0018
22.8582,0.0018
22.8632,0.0018
22.8682,0.0018
22.8732,0.0018
22.8782,0.0018
22.8832,0.0018
22.8882,0.0018
22.8932,0.0018
22.8982,0.0018
22.9032,0.0018
22.9082,0.0018
22.9132,0.0018
22.9182,0.0018
22.9232,0.0018
22.9282,0.0018
22.9332,0.0018
22.9382,0.0018
22.9432,0.0017
22.9482,0.0015
22.9532,0.0015
22.9582,0.0015
22.9632,0.0016
22.9683,0.0018
22.9733,0.0018
22.9783,0.0018
22.9833,0.0018
22.9883,0.0015
22.9933,0.0015
22.9983,0.0015
23.0033,0.0015
23.0083,0.0015
23.0133,0.0015
23.0183,0.0015
23.0233,0.0016
23.0283,0.0015
23.0333,0.0015
23.0383,0.0015
23.0433,0.0016
23.0483,0.0018
23.0533,0.0018
23.0583,0.0015
23.0633,0.0015
23.0683,0.0015
23.0733,0.0015
23.0783,0.0015
23.0833,0.0018
23.0883,0.0018
23.0933,0.0018
23.0983,0.0018
23.1033,0.0018
23.1083,0.0018
23.1133,0.0018
23.1183,0.0018
23.1233,0.0016
23.1283,0.0017
23.1333,0.0015
23.1383,0.0015
23.1433,0.0015
23.1483,0.0015
23.1533,0.0015
23.1583,0.0015
23.1633,0.0015
23.1683,0.0015
23.1733,0.0015
23.1783,0.0015
23.1833,0.0015
23.1883,0.0015
23.1933,0.0015
23.1983,0.0015
23.2033,0.0015
23.2083,0.0015
23.2133,0.0015
23.2183,0.0015
23.2233,0.0015
23.2283,0.0015
23.2333,0.0015
23.2383,0.0015
23.2433,0.0015
23.2483,0.0015
23.2533,0.0015
23.2583,0.0015
23.2633,0.0015
23.2683,0.0015
23.2733,0.0015
23.2783,0.0015
23.2833,0.0015
23.2883,0.0015
23.2933,0.0015
23.2983,0.0015
23.3033,0.0015
23.3083,0.0015
23.3133,0.0015
23.3183,0.0015
23.3233,0.0015
23.3283,0.0015
23.3333,0.0015
23.3383,0.0015
23.3433,0.0015
23.3483,0.0015
23.3533,0.0015
23.3583,0.0015
23.3633,0.0015
23.3683,0.0015
23.3733,0.0015
23.3783,0.0015
23.3833,0.0015
23.3883,0.0015
23.3933,0.0015
23.3983,0.0015
23.4033,0.0015
23.4083,0.0015
23.4133,0.0015
23.4183,0.0015
23.4233,0.0015
23.4283,0.0015
23.4333,0.0015
23.4383,0.0015
23.4433,0.0015
23.4483,0.0015
23.4533,0.0015
23.4583,0.0015
23.4633,0.0015
23.4683,0.0015
23.4733,0.0015
23.4783,0.0015
23.4833,0.0015
23.4883,0.0015
23.4933,0.0015
23.4983,0.0015
23.5033,0.0015
23.5083,0.0015
23.5133,0.0015
23.5183,0.0015
23.5233,0.0015
23.5283,0.0015
23.5333,0.0015
23.5383,0.0015
23.5433,0.0015
23.5483,0.0015
23.5533,0.0015
23.5583,0.0015
23.5633,0.0015
23.5683,0.0015
23.5733,0.0015
23.5783,0.0015
23.5833,0.0015
23.5883,0.0015
23.5933,0.0015
23.5983,0.0013
23.6033,0.0012
23.6083,0.0015
23.6133,0.0015
23.6183,0.0015
23.6233,0.0015
23.6283,0.0015
23.6333,0.0015
23.6383,0.0012
23.6433,0.0012
23.6483,0.0012
23.6533,0.0012
23.6583,0.0012
23.6633,0.0012
23.6684,0.0012
23.6733,0.0012
23.6784,0.0015
23.6834,0.0015
23.6884,0.0015
23.6934,0.0015
23.6984,0.0015
23.7034,0.0013
23.7084,0.0012
23.7134,0.0012
23.7184,0.0012
23.7234,0.0012
23.7284,0.0012
23.7334,0.0012
23.7384,0.0012
23.7434,0.0015
23.7484,0.0015
23.7534,0.0013
23.7584,0.0013
23.7634,0.0012
23.7684,0.0013
23.7734,0.0015
23.7784,0.0012
23.7834,0.0012
23.7884,0.0012
23.7934,0.0012
23.7984,0.0012
23.8034,0.0012
23.8084,0.0015
23.8134,0.0012
23.8184,0.0012
23.8234,0.0012
23.8284,0.0012
23.8334,0.0012
23.8384,0.0012
23.8434,0.0012
23.8484,0.0013
23.8534,0.0015
23.8584,0.0015
23.8634,0.0015
23.8684,0.0015
23.8734,0.0013
23.8784,0.0012
23.8834,0.0012
23.8884,0.0014
23.8934,0.0012
23.8984,0.0012
23.9034,0.0012
23.9084,0.0012
23.9134,0.0012
23.9184,0.0015
23.9234,0.0015
23.9284,0.0012
23.9334,0.0012
23.9384,0.0012
23.9434,0.0012
23.9484,0.0012
23.9534,0.0012
23.9584,0.0012
23.9634,0.0012
23.9684,0.0012
23.9734,0.0012
23.9784,0.0012
23.9834,0.0012
23.9884,0.0012
23.9934,0.0012
23.9984,0.0012
24.0034,0.0012
24.0084,0.0012
24.0134,0.0012
24.0184,0.0012
24.0234,0.0012
24.0284,0.0012
24.0334,0.0012
24.0384,0.0012
24.0434,0.0012
24.0484,0.0012
24.0534,0.0012
24.0584,0.0012
24.0634,0.0015
24.0684,0.0012
24.0734,0.0012
24.0784,0.0012
24.0834,0.0012
24.0884,0.0012
24.0934,0.0012
24.0984,0.0012
24.1034,0.0012
24.1084,0.0012
24.1134,0.0013
24.1184,0.0013
24.1234,0.0012
24.1284,0.0012
24.1334,0.0012
24.1384,0.0012
24.1434,0.0012
24.1484,0.0012
24.1534,0.0012
24.1584,0.0012
24.1634,0.0015
24.1684,0.0015
24.1734,0.0015
24.1784,0.0012
24.1834,0.0012
24.1884,0.0012
24.1934,0.0012
24.1984,0.0012
24.2034,0.0012
24.2084,0.0012
24.2134,0.0012
24.2184,0.0012
24.2234,0.0012
24.2284,0.0012
24.2334,0.0013
24.2384,0.0013
24.2434,0.0013
24.2484,0.0012
24.2534,0.0012
24.2584,0.0012
24.2634,0.0012
24.2684,0.0012
24.2734,0.0012
24.2784,0.0012
24.2834,0.0012
24.2884,0.0012
24.2934,0.0012
24.2984,0.0012
24.3034,0.0012
24.3084,0.0012
24.3134,0.0012
24.3184,0.0012
24.3234,0.0012
24.3284,0.0012
24.3334,0.0012
24.3384,0.0012
24.3434,0.0012
24.3484,0.0012
24.3534,0.0012
24.3584,0.0012
24.3634,0.0012
24.3684,0.0012
24.3734,0.0012
24.3785,0.0012
24.3835,0.0012
24.3885,0.0012
24.3935,0.0012
24.3985,0.0012
24.4035,0.0012
24.4085,0.0012
24.4135,0.0012
24.4185,0.0012
24.4235,0.0012
24.4285,0.0012
24.4335,0.0012
24.4385,0.0012
24.4435,0.0012
24.4485,0.0012
24.4535,0.0012
24.4585,0.0012
24.4635,0.0012
24.4685,0.0012
24.4735,0.0012
24.4785,0.0012
24.4835,0.0012
24.4885,0.0012
24.4935,0.0012
24.4985,0.0012
24.5035,0.0012
24.5085,0.0012
24.5135,0.0012
24.5185,0.0012
24.5235,0.0012
24.5285,0.0012
24.5335,0.0012
24.5385,0.0012
24.5435,0.0012
24.5485,0.0012
24.5535,0.0012
24.5585,0.0012
24.5635,0.0012
24.5685,0.0012
24.5735,0.0012
24.5785,0.0012
24.5835,0.0012
24.5885,0.0012
24.5935,0.0012
24.5985,0.0012
24.6035,0.0012
24.6085,0.0012
24.6135,0.0012
24.6185,0.0012
24.6235,0.0012
24.6285,0.0012
24.6335,0.0012
24.6385,0.0012
24.6435,0.0012
24.6485,0.0012
24.6535,0.0012
24.6585,0.0012
24.6635,0.0012
24.6685,0.0012
24.6735,0.0012
24.6785,0.0012
24.6835,0.0012
24.6885,0.0012
24.6935,0.0012
24.6985,0.0012
24.7035,0.0012
24.7085,0.0012
24.7135,0.0012
24.7185,0.0012
24.7235,0.0012
24.7285,0.0012
24.7335,0.0012
24.7385,0.0012
24.7435,0.0012
24.7485,0.0012
24.7535,0.0012
24.7585,0.0012
24.7635,0.0012
24.7685,0.0012
24.7735,0.0012
24.7785,0.0012
24.7835,0.0012
24.7885,0.0012
24.7935,0.0012
24.7985,0.0012
24.8035,0.0012
24.8085,0.0012
24.8135,0.0012
24.8185,0.0012
24.8235,0.0012
24.8285,0.0012
24.8335,0.0012
24.8385,0.0012
24.8435,0.0012
24.8485,0.0012
24.8535,0.0012
24.8585,0.0012
24.8635,0.0012
24.8685,0.0012
24.8735,0.0012
24.8785,0.0012
24.8835,0.0012
24.8885,0.0012
24.8935,0.0012
24.8985,0.0012
24.9035,0.0012
24.9085,0.0012
24.9135,0.0012
24.9185,0.0012
24.9235,0.0012
24.9285,0.0012
24.9335,0.0012
24.9385,0.0012
24.9435,0.0012
24.9485,0.0012
24.9535,0.0012
24.9585,0.0012
24.9635,0.0012
24.9685,0.0012
24.9735,0.0012
24.9785,0.0012
24.9835,0.0012
24.9885,0.0012
24.9935,0.0012
24.9985,0.0012
25.0035,0.0012
25.0085,0.0012
25.0135,0.0012
25.0185,0.0012
25.0235,0.0012
25.0285,0.0012
25.0335,0.0012
25.0385,0.0012
25.0435,0.0012
25.0485,0.0012
25.0535,0.0012
25.0585,0.0012
25.0635,0.0012
25.0685,0.0012
25.0735,0.0012
25.0785,0.0012
25.0835,0.0012
25.0886,0.0012
25.0936,0.0012
25.0986,0.0012
25.1036,0.0012
25.1086,0.0012
25.1136,0.0012
25.1186,0.0012
25.1236,0.0012
25.1286,0.0012
25.1336,0.0012
25.1386,0.0012
25.1436,0.0012
25.1486,0.0012
25.1536,0.0012
25.1586,0.0012
25.1636,0.0012
25.1686,0.0012
25.1736,0.0012
25.1786,0.0012
25.1836,0.0012
25.1886,0.0012
25.1936,0.0012
25.1986,0.0012
25.2036,0.0012
25.2086,0.0012
25.2136,0.0012
25.2186,0.0012
25.2236,0.0008
25.2286,0.0009
25.2336,0.0011
25.2386,0.0012
25.2436,0.0012
25.2486,0.0012
25.2536,0.0012
25.2586,0.0012
25.2636,0.0012
25.2686,0.0012
25.2736,0.0012
25.2786,0.0012
25.2836,0.0012
25.2886,0.0012
25.2936,0.0012
25.2986,0.0012
25.3036,0.0012
25.3086,0.0012
25.3136,0.0012
25.3186,0.0012
25.3236,0.0012
25.3286,0.0012
25.3336,0.0012
25.3386,0.0012
25.3436,0.0012
25.3486,0.0012
25.3536,0.0012
25.3586,0.0012
25.3636,0.0012
25.3686,0.0012
25.3736,0.0012
25.3786,0.0012
25.3836,0.0012
25.3886,0.0012
25.3936,0.0012
25.3986,0.0012
25.4036,0.0012
25.4086,0.0012
25.4136,0.0012
25.4186,0.0012
25.4236,0.0012
25.4286,0.0012
25.4336,0.0012
25.4386,0.0012
25.4436,0.0012
25.4486,0.0012
25.4536,0.0012
25.4586,0.0012
25.4636,0.0012
25.4686,0.0012
25.4736,0.0012
25.4786,0.0012
25.4836,0.0012
25.4886,0.0012
25.4936,0.0012
25.4986,0.0012
25.5036,0.0012
25.5086,0.0012
25.5136,0.0012
25.5186,0.0012
25.5236,0.0012
25.5286,0.0012
25.5336,0.0012
25.5386,0.0012
25.5436,0.0012
25.5486,0.0012
25.5536,0.0012
25.5586,0.0012
25.5636,0.0012
25.5686,0.0012
25.5736,0.0012
25.5786,0.0012
25.5836,0.0012
25.5886,0.0012
25.5936,0.0012
25.5986,0.0012
25.6036,0.0012
25.6086,0.0012
25.6136,0.0012
25.6186,0.0012
25.6236,0.0012
25.6286,0.0012
25.6336,0.0012
25.6386,0.0012
25.6436,0.0012
25.6486,0.0012
25.6536,0.0012
25.6586,0.0012
25.6636,0.0012
25.6686,0.0012
25.6736,0.0012
25.6786,0.0012
25.6836,0.0012
25.6886,0.0012
25.6936,0.0012
25.6986,0.0012
25.7036,0.0012
25.7086,0.0012
25.7136,0.0012
25.7186,0.0012
25.7236,0.0012
25.7286,0.0012
25.7336,0.0012
25.7386,0.0012
25.7436,0.0012
25.7486,0.0012
25.7536,0.0012
25.7586,0.0012
25.7636,0.0012
25.7686,0.0012
25.7736,0.0012
25.7786,0.0012
25.7836,0.0012
25.7886,0.0012
25.7936,0.0012
25.7987,0.0012
25.8037,0.0012
25.8087,0.0012
25.8137,0.0012
25.8187,0.0012
25.8237,0.0012
25.8287,0.0012
25.8337,0.0012
25.8387,0.0012
25.8437,0.0012
25.8487,0.0012
25.8537,0.0012
25.8587,0.0012
25.8637,0.0012
25.8687,0.0012
25.8737,0.0012
25.8787,0.0012
25.8837,0.0012
25.8887,0.0012
25.8937,0.0012
25.8987,0.0012
25.9037,0.0012
25.9087,0.0012
25.9137,0.0012
25.9187,0.0012
25.9237,0.0012
25.9287,0.0012
25.9337,0.0012
25.9387,0.0012
25.9437,0.0012
25.9487,0.0012
25.9537,0.0012
25.9587,0.0012
25.9637,0.0012
25.9687,0.0012
25.9737,0.0012
25.9787,0.0012
25.9837,0.0012
25.9887,0.0012
25.9937,0.0012
25.9987,0.0012
26.0037,0.0012
26.0087,0.0012
26.0137,0.0012
26.0187,0.0012
26.0237,0.0012
26.0287,0.0012
26.0337,0.0012
26.0387,0.0012
26.0437,0.0012
26.0487,0.0012
26.0537,0.0012
26.0587,0.0012
26.0637,0.0012
26.0687,0.0012
26.0737,0.0012
26.0787,0.0012
26.0837,0.0012
26.0887,0.0012
26.0937,0.0012
26.0987,0.0012
26.1037,0.0012
26.1087,0.0012
26.1137,0.0012
26.1187,0.0012
26.1237,0.0012
26.1287,0.0012
26.1337,0.0012
26.1387,0.0012
26.1437,0.0012
26.1487,0.0012
26.1537,0.0012
26.1587,0.0012
26.1637,0.0012
26.1687,0.0012
26.1737,0.0012
26.1787,0.0012
26.1837,0.0012
26.1887,0.0012
26.1937,0.0012
26.1987,0.0012
26.2037,0.0012
26.2087,0.0012
26.2137,0.0012
26.2187,0.0012
26.2237,0.0012
26.2287,0.0012
26.2337,0.0012
26.2387,0.0012
26.2437,0.0012
26.2487,0.0012
26.2537,0.0012
26.2587,0.0012
26.2637,0.0012
26.2687,0.0012
26.2737,0.0012
26.2787,0.0012
26.2837,0.0012
26.2887,0.0012
26.2937,0.0012
26.2987,0.0012
26.3037,0.0012
26.3087,0.0012
26.3137,0.0012
26.3187,0.0012
26.3237,0.0012
26.3287,0.0012
26.3337,0.0012
26.3387,0.0012
26.3437,0.0012
26.3487,0.0012
26.3537,0.0012
26.3587,0.0012
26.3637,0.0012
26.3687,0.0012
26.3737,0.0012
26.3787,0.0012
26.3837,0.0012
26.3887,0.0012
26.3937,0.0012
26.3987,0.0012
26.4037,0.0012
26.4087,0.0012
26.4137,0.0012
26.4187,0.0012
26.4237,0.0012
26.4287,0.0012
26.4337,0.0012
26.4387,0.0012
26.4437,0.0012
26.4487,0.0012
26.4537,0.0012
26.4587,0.0012
26.4637,0.0012
26.4687,0.0012
26.4737,0.0012
26.4787,0.0012
26.4837,0.0012
26.4887,0.0012
26.4937,0.0012
26.4988,0.0012
26.5037,0.0012
26.5088,0.0012
26.5138,0.0012
26.5188,0.0012
26.5238,0.0012
26.5288,0.0012
26.5338,0.0012
26.5388,0.0012
26.5438,0.0012
26.5488,0.0012
26.5538,0.0012
26.5588,0.0012
26.5638,0.0012
26.5688,0.0012
26.5738,0.0012
26.5788,0.0012
26.5838,0.0012
26.5888,0.0012
26.5938,0.0012
26.5988,0.0012
26.6038,0.0012
26.6088,0.0012
26.6138,0.0012
26.6188,0.0012
26.6238,0.0012
26.6288,0.0012
26.6338,0.0012
26.6388,0.0012
26.6438,0.0012
26.6488,0.0012
26.6538,0.0012
26.6588,0.0012
26.6638,0.0012
26.6688,0.0012
26.6738,0.0012
26.6788,0.0012
26.6838,0.0012
26.6888,0.0012
26.6938,0.0012
26.6988,0.0012
26.7038,0.0012
26.7088,0.0012
26.7138,0.0012
26.7188,0.0012
26.7238,0.0010
26.7288,0.0011
26.7338,0.0012
26.7388,0.0012
26.7438,0.0012
26.7488,0.0012
26.7538,0.0012
26.7588,0.0012
26.7638,0.0012
26.7688,0.0012
26.7738,0.0012
26.7788,0.0012
26.7838,0.0012
26.7888,0.0012
26.7938,0.0012
26.7988,0.0012
26.8038,0.0012
26.8088,0.0012
26.8138,0.0012
26.8188,0.0012
26.8238,0.0012
26.8288,0.0012
26.8338,0.0012
26.8388,0.0012
26.8438,0.0012
26.8488,0.0012
26.8538,0.0012
26.8588,0.0012
26.8638,0.0012
26.8688,0.0012
26.8738,0.0012
26.8788,0.0012
26.8838,0.0012
26.8888,0.0012
26.8938,0.0012
26.8988,0.0012
26.9038,0.0012
26.9088,0.0012
26.9138,0.0012
26.9188,0.0012
26.9238,0.0012
26.9288,0.0012
26.9338,0.0012
26.9388,0.0012
26.9438,0.0012
26.9488,0.0012
26.9538,0.0012
26.9588,0.0012
26.9638,0.0012
26.9688,0.0012
26.9738,0.0012
26.9788,0.0012
26.9838,0.0012
26.9888,0.0012
26.9938,0.0012
26.9988,0.0012
27.0038,0.0012
27.0088,0.0012
27.0138,0.0012
27.0188,0.0010
27.0238,0.0012
27.0288,0.0012
27.0338,0.0012
27.0388,0.0012
27.0438,0.0012
27.0488,0.0012
27.0538,0.0012
27.0588,0.0012
27.0638,0.0012
27.0688,0.0012
27.0738,0.0012
27.0788,0.0011
27.0838,0.0012
27.0888,0.0012
27.0938,0.0012
27.0988,0.0012
27.1038,0.0012
27.1088,0.0012
27.1138,0.0012
27.1188,0.0012
27.1238,0.0012
27.1288,0.0012
27.1338,0.0012
27.1388,0.0012
27.1438,0.0012
27.1488,0.0012
27.1538,0.0012
27.1588,0.0012
27.1638,0.0012
27.1688,0.0012
27.1738,0.0012
27.1788,0.0012
27.1838,0.0012
27.1888,0.0012
27.1938,0.0012
27.1988,0.0012
27.2038,0.0012
27.2089,0.0012
27.2139,0.0012
27.2189,0.0012
27.2239,0.0012
27.2289,0.0012
27.2339,0.0012
27.2389,0.0012
27.2439,0.0012
27.2489,0.0012
27.2539,0.0012
27.2589,0.0012
27.2639,0.0012
27.2689,0.0012
27.2739,0.0012
27.2789,0.0010
27.2839,0.0012
27.2889,0.0012
27.2939,0.0012
27.2989,0.0012
27.3039,0.0012
27.3089,0.0012
27.3139,0.0012
27.3189,0.0012
27.3239,0.0012
27.3289,0.0012
27.3339,0.0012
27.3389,0.0012
27.3439,0.0012
27.3489,0.0012
27.3539,0.0012
27.3589,0.0012
27.3639,0.0012
27.3689,0.0012
27.3739,0.0012
27.3789,0.0012
27.3839,0.0012
27.3889,0.0012
27.3939,0.0012
27.3989,0.0012
27.4039,0.0012
27.4089,0.0012
27.4139,0.0012
27.4189,0.0012
27.4239,0.0012
27.4289,0.0012
27.4339,0.0012
27.4389,0.0012
27.4439,0.0012
27.4489,0.0012
27.4539,0.0012
27.4589,0.0012
27.4639,0.0012
27.4689,0.0012
27.4739,0.0012
27.4789,0.0012
27.4839,0.0012
27.4889,0.0012
27.4939,0.0012
27.4989,0.0012
27.5039,0.0012
27.5089,0.0012
27.5139,0.0012
27.5189,0.0012
27.5239,0.0012
27.5289,0.0012
27.5339,0.0012
27.5389,0.0012
27.5439,0.0012
27.5489,0.0012
27.5539,0.0012
27.5589,0.0012
27.5639,0.0012
27.5689,0.0012
27.5739,0.0012
27.5789,0.0012
27.5839,0.0012
27.5889,0.0012
27.5939,0.0012
27.5989,0.0012
27.6039,0.0012
27.6089,0.0012
27.6139,0.0012
27.6189,0.0012
27.6239,0.0012
27.6289,0.0012
27.6339,0.0012
27.6389,0.0012
27.6439,0.0012
27.6489,0.0012
27.6539,0.0012
27.6589,0.0012
27.6639,0.0012
27.6689,0.0012
27.6739,0.0012
27.6789,0.0012
27.6839,0.0012
27.6889,0.0012
27.6939,0.0012
27.6989,0.0012
27.7039,0.0012
27.7089,0.0012
27.7139,0.0012
27.7189,0.0012
27.7239,0.0012
27.7289,0.0012
27.7339,0.0012
27.7389,0.0012
27.7439,0.0012
27.7489,0.0012
27.7539,0.0012
27.7589,0.0012
27.7639,0.0012
27.7689,0.0012
27.7739,0.0012
27.7789,0.0012
27.7839,0.0012
27.7889,0.0012
27.7939,0.0012
27.7989,0.0012
27.8039,0.0012
27.8089,0.0012
27.8139,0.0012
27.8189,0.0012
27.8239,0.0012
27.8289,0.0012
27.8339,0.0012
27.8389,0.0012
27.8439,0.0012
27.8489,0.0012
27.8539,0.0012
27.8589,0.0012
27.8639,0.0012
27.8689,0.0012
27.8739,0.0012
27.8789,0.0012
27.8839,0.0012
27.8889,0.0012
27.8939,0.0012
27.8989,0.0012
27.9039,0.0012
27.9089,0.0012
27.9139,0.0012
27.9190,0.0012
27.9240,0.0012
27.9290,0.0012
27.9340,0.0012
27.9390,0.0012
27.9440,0.0012
27.9490,0.0012
27.9540,0.0012
27.9590,0.0012
27.9640,0.0012
27.9690,0.0012
27.9740,0.0012
27.9790,0.0012
27.9840,0.0012
27.9890,0.0012
27.9940,0.0012
27.9990,0.0012
28.0040,0.0012
28.0090,0.0012
28.0140,0.0012
28.0190,0.0012
28.0240,0.0012
28.0290,0.0012
28.0340,0.0012
28.0390,0.0012
28.0440,0.0012
28.0490,0.0012
28.0540,0.0012
28.0590,0.0012
28.0640,0.0012
28.0690,0.0012
28.0740,0.0012
28.0790,0.0012
28.0840,0.0012
28.0890,0.0012
28.0940,0.0012
28.0990,0.0012
28.1040,0.0012
28.1090,0.0012
28.1140,0.0012
28.1190,0.0012
28.1240,0.0012
28.1290,0.0012
28.1340,0.0012
28.1390,0.0012
28.1440,0.0012
28.1490,0.0012
28.1540,0.0012
28.1590,0.0012
28.1640,0.0012
28.1690,0.0012
28.1740,0.0012
28.1790,0.0012
28.1840,0.0012
28.1890,0.0012
28.1940,0.0012
28.1990,0.0012
28.2040,0.0012
28.2090,0.0012
28.2140,0.0012
28.2190,0.0012
28.2240,0.0012
28.2290,0.0012
28.2340,0.0012
28.2390,0.0012
28.2440,0.0012
28.2490,0.0012
28.2540,0.0012
28.2590,0.0012
28.2640,0.0012
28.2690,0.0012
28.2740,0.0012
28.2790,0.0012
28.2840,0.0012
28.2890,0.0012
28.2940,0.0012
28.2990,0.0012
28.3040,0.0012
28.3090,0.0012
28.3140,0.0012
28.3190,0.0012
28.3240,0.0012
28.3290,0.0012
28.3340,0.0012
28.3390,0.0012
28.3440,0.0012
28.3490,0.0012
28.3540,0.0012
28.3590,0.0012
28.3640,0.0012
28.3690,0.0012
28.3740,0.0012
28.3790,0.0012
28.3840,0.0012
28.3890,0.0012
28.3940,0.0012
28.3990,0.0012
28.4040,0.0012
28.4090,0.0012
28.4140,0.0014
28.4190,0.0015
28.4240,0.0012
28.4290,0.0012
28.4340,0.0012
28.4390,0.0012
28.4440,0.0012
28.4490,0.0012
28.4540,0.0012
28.4590,0.0012
28.4640,0.0012
28.4690,0.0012
28.4740,0.0012
28.4790,0.0012
28.4840,0.0012
28.4890,0.0012
28.4940,0.0012
28.4990,0.0012
28.5040,0.0012
28.5090,0.0012
28.5140,0.0012
28.5190,0.0012
28.5240,0.0012
28.5290,0.0012
28.5340,0.0012
28.5390,0.0012
28.5440,0.0012
28.5490,0.0012
28.5540,0.0012
28.5590,0.0012
28.5640,0.0012
28.5690,0.0012
28.5740,0.0012
28.5790,0.0012
28.5840,0.0012
28.5890,0.0012
28.5940,0.0012
28.5990,0.0012
28.6040,0.0012
28.6090,0.0012
28.6140,0.0015
28.6190,0.0015
28.6241,0.0013
28.6291,0.0012
28.6341,0.0014
28.6391,0.0012
28.6441,0.0012
28.6491,0.0012
28.6541,0.0012
28.6591,0.0013
28.6641,0.0015
28.6691,0.0014
28.6741,0.0012
28.6791,0.0012
28.6841,0.0012
28.6891,0.0012
28.6941,0.0012
28.6991,0.0012
28.7041,0.0012
28.7091,0.0012
28.7141,0.0012
28.7191,0.0012
28.7241,0.0012
28.7291,0.0012
28.7341,0.0012
28.7391,0.0012
28.7441,0.0012
28.7491,0.0012
28.7541,0.0012
28.7591,0.0012
28.7641,0.0012
28.7691,0.0012
28.7741,0.0015
28.7791,0.0015
28.7841,0.0015
28.7891,0.0013
28.7941,0.0012
28.7991,0.0012
28.8041,0.0012
28.8091,0.0012
28.8141,0.0012
28.8191,0.0013
28.8241,0.0012
28.8291,0.0012
28.8341,0.0015
28.8391,0.0015
28.8441,0.0015
28.8491,0.0015
28.8541,0.0015
28.8591,0.0015
28.8641,0.0015
28.8691,0.0015
28.8741,0.0012
28.8791,0.0012
28.8841,0.0012
28.8891,0.0012
28.8941,0.0012
28.8991,0.0012
28.9041,0.0012
28.9091,0.0015
28.9141,0.0015
28.9191,0.0015
28.9241,0.0015
28.9291,0.0013
28.9341,0.0012
28.9391,0.0012
28.9441,0.0012
28.9491,0.0012
28.9541,0.0013
28.9591,0.0013
28.9641,0.0015
28.9691,0.0015
28.9741,0.0014
28.9791,0.0012
28.9841,0.0012
28.9891,0.0012
28.9941,0.0012
28.9991,0.0013
29.0041,0.0015
29.0091,0.0015
29.0141,0.0015
29.0191,0.0015
29.0241,0.0015
29.0291,0.0015
29.0341,0.0015
29.0391,0.0015
29.0441,0.0015
29.0491,0.0015
29.0541,0.0012
29.0591,0.0015
29.0641,0.0014
29.0691,0.0012
29.0741,0.0015
29.0791,0.0015
29.0841,0.0015
29.0891,0.0015
29.0941,0.0015
29.0991,0.0015
29.1041,0.0015
29.1091,0.0015
29.1141,0.0015
29.1191,0.0015
29.1241,0.0015
29.1291,0.0015
29.1341,0.0015
29.1391,0.0015
29.1441,0.0015
29.1491,0.0015
29.1541,0.0015
29.1591,0.0015
29.1641,0.0015
29.1691,0.0012
29.1741,0.0015
29.1791,0.0015
29.1841,0.0015
29.1891,0.0014
29.1941,0.0015
29.1991,0.0013
29.2041,0.0012
29.2091,0.0012
29.2141,0.0012
29.2191,0.0012
29.2241,0.0012
29.2291,0.0015
29.2341,0.0012
29.2391,0.0015
29.2441,0.0014
29.2491,0.0012
29.2541,0.0014
29.2591,0.0015
29.2641,0.0015
29.2691,0.0015
29.2741,0.0015
29.2791,0.0015
29.2841,0.0015
29.2891,0.0015
29.2941,0.0012
29.2991,0.0012
29.3041,0.0012
29.3091,0.0012
29.3141,0.0015
29.3191,0.0015
29.3242,0.0015
29.3292,0.0015
29.3342,0.0015
29.3392,0.0015
29.3442,0.0015
29.3492,0.0015
29.3542,0.0015
29.3592,0.0015
29.3642,0.0015
29.3692,0.0015
29.3742,0.0015
29.3792,0.0015
29.3842,0.0015
29.3892,0.0015
29.3942,0.0015
29.3992,0.0015
29.4042,0.0015
29.4092,0.0015
29.4142,0.0015
29.4192,0.0015
29.4242,0.0015
29.4292,0.0015
29.4342,0.0015
29.4392,0.0015
29.4442,0.0015
29.4492,0.0015
29.4542,0.0015
29.4592,0.0015
29.4642,0.0015
29.4692,0.0015
29.4742,0.0015
29.4792,0.0015
29.4842,0.0015
29.4892,0.0015
29.4942,0.0015
29.4992,0.0015
29.5042,0.0012
29.5092,0.0015
29.5142,0.0012
29.5192,0.0012
29.5242,0.0012
29.5292,0.0012
29.5342,0.0012
29.5392,0.0012
29.5442,0.0012
29.5492,0.0015
29.5542,0.0015
29.5592,0.0015
29.5642,0.0015
29.5692,0.0015
29.5742,0.0015
29.5792,0.0015
29.5842,0.0015
29.5892,0.0015
29.5942,0.0015
29.5992,0.0015
29.6042,0.0015
29.6092,0.0015
29.6142,0.0015
29.6192,0.0015
29.6242,0.0015
29.6292,0.0015
29.6342,0.0015
29.6392,0.0015
29.6442,0.0015
29.6492,0.0015
29.6542,0.0015
29.6592,0.0015
29.6642,0.0015
29.6692,0.0012
29.6742,0.0012
29.6792,0.0015
29.6842,0.0015
29.6892,0.0015
29.6942,0.0015
29.6992,0.0015
29.7042,0.0014
29.7092,0.0012
29.7142,0.0012
29.7192,0.0015
29.7242,0.0015
29.7292,0.0015
29.7342,0.0015
29.7392,0.0015
29.7442,0.0012
29.7492,0.0015
29.7542,0.0015
29.7592,0.0012
29.7642,0.0012
29.7692,0.0012
29.7742,0.0013
29.7792,0.0015
29.7842,0.0015
29.7892,0.0015
29.7942,0.0015
29.7992,0.0015
29.8042,0.0013
29.8092,0.0013
29.8142,0.0015
29.8192,0.0015
29.8242,0.0015
29.8292,0.0015
29.8342,0.0015
29.8392,0.0013
29.8442,0.0012
29.8492,0.0012
29.8542,0.0012
29.8592,0.0012
29.8642,0.0012
29.8692,0.0012
29.8742,0.0012
29.8792,0.0012
29.8842,0.0012
29.8892,0.0014
29.8942,0.0014
29.8992,0.0012
29.9042,0.0015
29.9092,0.0013
29.9142,0.0013
29.9192,0.0015
29.9242,0.0015
29.9292,0.0012
29.9342,0.0015
29.9392,0.0015
29.9442,0.0015
29.9492,0.0012
29.9542,0.0012
29.9592,0.0012
29.9642,0.0012
29.9692,0.0012
29.9742,0.0012
29.9792,0.0012
29.9842,0.0012
29.9892,0.0012
29.9942,0.0015
29.9992,0.0015
30.0042,0.0015
30.0092,0.0015
30.0142,0.0012
30.0192,0.0012
30.0242,0.0012
30.0292,0.0012
30.0343,0.0015
30.0393,0.0015
30.0443,0.0015
30.0493,0.0015
30.0543,0.0015
30.0593,0.0012
30.0643,0.0012
30.0693,0.0012
30.0743,0.0012
30.0793,0.0012
30.0843,0.0012
30.0893,0.0014
30.0943,0.0015
30.0993,0.0012
30.1043,0.0014
30.1093,0.0012
30.1143,0.0012
30.1193,0.0014
30.1243,0.0015
30.1293,0.0015
30.1343,0.0015
30.1393,0.0014
30.1443,0.0012
30.1493,0.0012
30.1543,0.0012
30.1593,0.0012
30.1643,0.0012
30.1693,0.0012
30.1743,0.0012
30.1793,0.0012
30.1843,0.0012
30.1893,0.0012
30.1943,0.0013
30.1993,0.0012
30.2043,0.0012
30.2093,0.0015
30.2143,0.0015
30.2193,0.0015
30.2243,0.0015
30.2293,0.0015
30.2343,0.0015
30.2393,0.0015
30.2443,0.0015
30.2493,0.0015
30.2543,0.0013
30.2593,0.0013
30.2643,0.0012
30.2693,0.0014
30.2743,0.0013
30.2793,0.0012
30.2843,0.0015
30.2893,0.0015
30.2943,0.0013
30.2993,0.0014
30.3043,0.0012
30.3093,0.0012
30.3143,0.0012
30.3193,0.0012
30.3243,0.0012
30.3293,0.0012
30.3343,0.0012
30.3393,0.0012
30.3443,0.0012
30.3493,0.0012
30.3543,0.0012
30.3593,0.0012
30.3643,0.0012
30.3693,0.0012
30.3743,0.0012
30.3793,0.0012
30.3843,0.0012
30.3893,0.0012
30.3943,0.0012
30.3993,0.0012
30.4043,0.0012
30.4093,0.0012
30.4143,0.0012
30.4193,0.0012
30.4243,0.0012
30.4293,0.0012
30.4343,0.0015
30.4393,0.0013
30.4443,0.0012
30.4493,0.0012
30.4543,0.0012
30.4593,0.0012
30.4643,0.0012
30.4693,0.0012
30.4743,0.0015
30.4793,0.0014
30.4843,0.0013
30.4893,0.0012
30.4943,0.0012
30.4993,0.0012
30.5043,0.0012
30.5093,0.0012
30.5143,0.0012
30.5193,0.0012
30.5243,0.0012
30.5293,0.0012
30.5343,0.0012
30.5393,0.0012
30.5443,0.0012
30.5493,0.0012
30.5543,0.0012
30.5593,0.0012
30.5643,0.0012
30.5693,0.0012
30.5743,0.0012
30.5793,0.0012
30.5843,0.0012
30.5893,0.0012
30.5943,0.0012
30.5993,0.0012
30.6043,0.0012
30.6093,0.0012
30.6143,0.0012
30.6193,0.0012
30.6243,0.0012
30.6293,0.0012
30.6343,0.0012
30.6393,0.0012
30.6443,0.0012
30.6493,0.0012
30.6543,0.0012
30.6593,0.0012
30.6643,0.0012
30.6693,0.0012
30.6743,0.0012
30.6793,0.0012
30.6843,0.0012
30.6893,0.0012
30.6943,0.0012
30.6993,0.0012
30.7043,0.0012
30.7093,0.0012
30.7143,0.0012
30.7193,0.0014
30.7243,0.0015
30.7293,0.0012
30.7344,0.0012
30.7393,0.0012
30.7444,0.0012
30.7494,0.0012
30.7544,0.0012
30.7594,0.0012
30.7644,0.0012
30.7694,0.0012
30.7744,0.0012
30.7794,0.0012
30.7844,0.0012
30.7894,0.0012
30.7944,0.0012
30.7994,0.0012
30.8044,0.0012
30.8094,0.0012
30.8144,0.0012
30.8194,0.0012
30.8244,0.0012
30.8294,0.0012
30.8344,0.0012
30.8394,0.0012
30.8444,0.0012
30.8494,0.0012
30.8544,0.0012
30.8594,0.0012
30.8644,0.0012
30.8694,0.0012
30.8744,0.0012
30.8794,0.0012
30.8844,0.0012
30.8894,0.0012
30.8944,0.0012
30.8994,0.0012
30.9044,0.0012
30.9094,0.0012
30.9144,0.0012
30.9194,0.0012
30.9244,0.0012
30.9294,0.0012
30.9344,0.0012
30.9394,0.0012
30.9444,0.0012
30.9494,0.0012
30.9544,0.0012
30.9594,0.0012
30.9644,0.0012
30.9694,0.0012
30.9744,0.0012
30.9794,0.0012
30.9844,0.0012
30.9894,0.0012
30.9944,0.0012
30.9994,0.0012
31.0044,0.0012
31.0094,0.0012
31.0144,0.0012
31.0194,0.0012
31.0244,0.0012
31.0294,0.0012
31.0344,0.0012
31.0394,0.0012
31.0444,0.0012
31.0494,0.0012
31.0544,0.0012
31.0594,0.0012
31.0644,0.0012
31.0694,0.0012
31.0744,0.0012
31.0794,0.0012
31.0844,0.0012
31.0894,0.0012
31.0944,0.0012
31.0994,0.0012
31.1044,0.0012
31.1094,0.0012
31.1144,0.0012
31.1194,0.0012
31.1244,0.0012
31.1294,0.0012
31.1344,0.0012
31.1394,0.0012
31.1444,0.0012
31.1494,0.0012
31.1544,0.0012
31.1594,0.0012
31.1644,0.0012
31.1694,0.0012
31.1744,0.0012
31.1794,0.0012
31.1844,0.0012
31.1894,0.0012
31.1944,0.0012
31.1994,0.0012
31.2044,0.0012
31.2094,0.0012
31.2144,0.0012
31.2194,0.0012
31.2244,0.0012
31.2294,0.0012
31.2344,0.0012
31.2394,0.0012
31.2444,0.0012
31.2494,0.0012
31.2544,0.0012
31.2594,0.0012
31.2644,0.0012
31.2694,0.0012
31.2744,0.0012
31.2794,0.0012
31.2844,0.0012
31.2894,0.0012
31.2944,0.0012
31.2994,0.0012
31.3044,0.0012
31.3094,0.0012
31.3144,0.0012
31.3194,0.0012
31.3244,0.0012
31.3294,0.0012
31.3344,0.0012
31.3394,0.0012
31.3444,0.0012
31.3494,0.0012
31.3544,0.0012
31.3594,0.0012
31.3644,0.0012
31.3694,0.0012
31.3744,0.0012
31.3794,0.0012
31.3844,0.0012
31.3894,0.0012
31.3944,0.0012
31.3994,0.0012
31.4044,0.0012
31.4094,0.0012
31.4144,0.0012
31.4194,0.0012
31.4244,0.0012
31.4294,0.0012
31.4344,0.0012
31.4394,0.0012
31.4445,0.0012
31.4494,0.0012
31.4545,0.0012
31.4595,0.0012
31.4645,0.0012
31.4695,0.0012
31.4745,0.0012
31.4795,0.0012
31.4845,0.0012
31.4895,0.0012
31.4945,0.0012
31.4995,0.0012
31.5045,0.0012
31.5095,0.0012
31.5145,0.0012
31.5195,0.0012
31.5245,0.0012
31.5295,0.0012
31.5345,0.0012
31.5395,0.0012
31.5445,0.0012
31.5495,0.0012
31.5545,0.0012
31.5595,0.0012
31.5645,0.0012
31.5695,0.0012
31.5745,0.0012
31.5795,0.0012
31.5845,0.0012
31.5895,0.0012
31.5945,0.0012
31.5995,0.0012
31.6045,0.0012
31.6095,0.0012
31.6145,0.0012
31.6195,0.0012
31.6245,0.0012
31.6295,0.0012
31.6345,0.0012
31.6395,0.0012
31.6445,0.0012
31.6495,0.0012
31.6545,0.0012
31.6595,0.0012
31.6645,0.0012
31.6695,0.0012
31.6745,0.0012
31.6795,0.0012
31.6845,0.0012
31.6895,0.0012
31.6945,0.0012
31.6995,0.0012
31.7045,0.0012
31.7095,0.0012
31.7145,0.0012
31.7195,0.0012
31.7245,0.0012
31.7295,0.0012
31.7345,0.0012
31.7395,0.0012
31.7445,0.0012
31.7495,0.0012
31.7545,0.0012
31.7595,0.0012
31.7645,0.0012
31.7695,0.0012
31.7745,0.0012
31.7795,0.0012
31.7845,0.0012
31.7895,0.0012
31.7945,0.0012
31.7995,0.0008
